#,Flags,Name,Comment,A1 - Rusinga - 05.05.2023_662023_5 : Area,A1 - Rusinga - 05.05.2023_662023_5 : SI,A1 - Rusinga - 05.05.2023_662023_5 : Height,A2 - Rusinga - 05.05.2023_662023_12 : Area,A2 - Rusinga - 05.05.2023_662023_12 : SI,A2 - Rusinga - 05.05.2023_662023_12 : Height,A3 - Rusinga - 05.05.2023_662023_4 : Area,A3 - Rusinga - 05.05.2023_662023_4 : SI,A3 - Rusinga - 05.05.2023_662023_4 : Height,A4 - Rusinga - 05.05.2023_662023_3 : Area,A4 - Rusinga - 05.05.2023_662023_3 : SI,A4 - Rusinga - 05.05.2023_662023_3 : Height,A5 - Rusinga - 10.05.2023_662023_11 : Area,A5 - Rusinga - 10.05.2023_662023_11 : SI,A5 - Rusinga - 10.05.2023_662023_11 : Height,A6 - Rusinga - 10.05.2023_662023_9 : Area,A6 - Rusinga - 10.05.2023_662023_9 : SI,A6 - Rusinga - 10.05.2023_662023_9 : Height,A7 - icipe - 15.05.2023__7202023_14 : Area,A7 - icipe - 15.05.2023__7202023_14 : SI,A7 - icipe - 15.05.2023__7202023_14 : Height,A8 - icipe - 15.05.2023__832023_12 : Area,A8 - icipe - 15.05.2023__832023_12 : SI,A8 - icipe - 15.05.2023__832023_12 : Height,A9 - icipe - 15.05.2023__842023_10 : Area,A9 - icipe - 15.05.2023__842023_10 : SI,A9 - icipe - 15.05.2023__842023_10 : Height,A10 - icipe - 15.05.2023__7202023_10 : Area,A10 - icipe - 15.05.2023__7202023_10 : SI,A10 - icipe - 15.05.2023__7202023_10 : Height,A11 - Siaya - 23.05.2023__7202023_7 : Area,A11 - Siaya - 23.05.2023__7202023_7 : SI,A11 - Siaya - 23.05.2023__7202023_7 : Height,A12 - Siaya - 23.05.2023__832023_6 : Area,A12 - Siaya - 23.05.2023__832023_6 : SI,A12 - Siaya - 23.05.2023__832023_6 : Height,A13 - Siaya - 23.05.2023__842023_13 : Area,A13 - Siaya - 23.05.2023__842023_13 : SI,A13 - Siaya - 23.05.2023__842023_13 : Height,A14 - Siaya - 23.05.2023__7202023_8 : Area,A14 - Siaya - 23.05.2023__7202023_8 : SI,A14 - Siaya - 23.05.2023__7202023_8 : Height,A15 - Siaya - 08.06.2023_832023_10 : Area,A15 - Siaya - 08.06.2023_832023_10 : SI,A15 - Siaya - 08.06.2023_832023_10 : Height,A16 - Siaya - 23.05.2023__842023_7 : Area,A16 - Siaya - 23.05.2023__842023_7 : SI,A16 - Siaya - 23.05.2023__842023_7 : Height,A17 - Siaya - 08.06.2023__832023_17 : Area,A17 - Siaya - 08.06.2023__832023_17 : SI,A17 - Siaya - 08.06.2023__832023_17 : Height,A18 - Siaya - 23.05.2023__842023_5 : Area,A18 - Siaya - 23.05.2023__842023_5 : SI,A18 - Siaya - 23.05.2023__842023_5 : Height,B1 - Rodi - 08.05.2023__7202023_18 : Area,B1 - Rodi - 08.05.2023__7202023_18 : SI,B1 - Rodi - 08.05.2023__7202023_18 : Height,B2 - Rodi - 09.05.2023_832023_4 : Area,B2 - Rodi - 09.05.2023_832023_4 : SI,B2 - Rodi - 09.05.2023_832023_4 : Height,B3 - Rodi - 08.05.2023__842023_3 : Area,B3 - Rodi - 08.05.2023__842023_3 : SI,B3 - Rodi - 08.05.2023__842023_3 : Height,B4 - Rodi - 08.05.2023__842023_12 : Area,B4 - Rodi - 08.05.2023__842023_12 : SI,B4 - Rodi - 08.05.2023__842023_12 : Height,B5 - Rusinga - 10.05.2023_662023_2 : Area,B5 - Rusinga - 10.05.2023_662023_2 : SI,B5 - Rusinga - 10.05.2023_662023_2 : Height,B6 - Rusinga - 10.05.2023_662023_10 : Area,B6 - Rusinga - 10.05.2023_662023_10 : SI,B6 - Rusinga - 10.05.2023_662023_10 : Height,B7 - Rusinga - 10.05.2023_662023_8 : Area,B7 - Rusinga - 10.05.2023_662023_8 : SI,B7 - Rusinga - 10.05.2023_662023_8 : Height,B8 - Rusinga - 10.05.2023_662023_7 : Area,B8 - Rusinga - 10.05.2023_662023_7 : SI,B8 - Rusinga - 10.05.2023_662023_7 : Height,B9 - Lambwe - 11.05.2023__7212023_4 : Area,B9 - Lambwe - 11.05.2023__7212023_4 : SI,B9 - Lambwe - 11.05.2023__7212023_4 : Height,B10 - Lambwe - 11.05.2023__7202023_4 : Area,B10 - Lambwe - 11.05.2023__7202023_4 : SI,B10 - Lambwe - 11.05.2023__7202023_4 : Height,B12 - Lambwe - 11.05.2023__7202023_20 : Area,B12 - Lambwe - 11.05.2023__7202023_20 : SI,B12 - Lambwe - 11.05.2023__7202023_20 : Height,C2 - D.incanum - 22.05.2023__832023_11 : Area,C2 - D.incanum - 22.05.2023__832023_11 : SI,C2 - D.incanum - 22.05.2023__832023_11 : Height,C4 - D.incanum - 22.05.2023__7202023_16 : Area,C4 - D.incanum - 22.05.2023__7202023_16 : SI,C4 - D.incanum - 22.05.2023__7202023_16 : Height,C5 - D.incanum - 22.05.2023__842023_4 : Area,C5 - D.incanum - 22.05.2023__842023_4 : SI,C5 - D.incanum - 22.05.2023__842023_4 : Height,Control1 - Rodi - 08.05.2023__7202023_9 : Area,Control1 - Rodi - 08.05.2023__7202023_9 : SI,Control1 - Rodi - 08.05.2023__7202023_9 : Height,Control2 - Rusinga - 10.05.2023_662023_6 : Area,Control2 - Rusinga - 10.05.2023_662023_6 : SI,Control2 - Rusinga - 10.05.2023_662023_6 : Height,Control3 - Lambwe - 11.05.2023__832023_8 : Area,Control3 - Lambwe - 11.05.2023__832023_8 : SI,Control3 - Lambwe - 11.05.2023__832023_8 : Height,Control4 - Siaya - 23.05.2023__842023_11 : Area,Control4 - Siaya - 23.05.2023__842023_11 : SI,Control4 - Siaya - 23.05.2023__842023_11 : Height,ControlStorage__842023_9 : Area,ControlStorage__842023_9 : SI,ControlStorage__842023_9 : Height,D1 - D.intortum - 22.05.2023_832023_5 : Area,D1 - D.intortum - 22.05.2023_832023_5 : SI,D1 - D.intortum - 22.05.2023_832023_5 : Height,D2 - D.intortum - 22.05.2023__832023_18 : Area,D2 - D.intortum - 22.05.2023__832023_18 : SI,D2 - D.intortum - 22.05.2023__832023_18 : Height,D3 - D.intortum - 22.05.2023__7202023_11 : Area,D3 - D.intortum - 22.05.2023__7202023_11 : SI,D3 - D.intortum - 22.05.2023__7202023_11 : Height,D4 - D.intortum - 22.05.2023__832023_9 : Area,D4 - D.intortum - 22.05.2023__832023_9 : SI,D4 - D.intortum - 22.05.2023__832023_9 : Height,D5 - D.intortum - 22.05.2023__7202023_5 : Area,D5 - D.intortum - 22.05.2023__7202023_5 : SI,D5 - D.intortum - 22.05.2023__7202023_5 : Height,I1 - Maize infested - 05.06.2023__842023_6 : Area,I1 - Maize infested - 05.06.2023__842023_6 : SI,I1 - Maize infested - 05.06.2023__842023_6 : Height,I2 - Maize infested - 05.06.2023__7202023_19 : Area,I2 - Maize infested - 05.06.2023__7202023_19 : SI,I2 - Maize infested - 05.06.2023__7202023_19 : Height,I3 - Maize infested - 05.06.2023__832023_16 : Area,I3 - Maize infested - 05.06.2023__832023_16 : SI,I3 - Maize infested - 05.06.2023__832023_16 : Height,I5 - Maize infested - 05.06.2023__7202023_17 : Area,I5 - Maize infested - 05.06.2023__7202023_17 : SI,I5 - Maize infested - 05.06.2023__7202023_17 : Height,N1 - Maize - 05.06.2023__832023_15 : Area,N1 - Maize - 05.06.2023__832023_15 : SI,N1 - Maize - 05.06.2023__832023_15 : Height,N3 - Maize - 05.06.2023__832023_19 : Area,N3 - Maize - 05.06.2023__832023_19 : SI,N3 - Maize - 05.06.2023__832023_19 : Height,N4 - Maize - 05.06.2023__7202023_15 : Area,N4 - Maize - 05.06.2023__7202023_15 : SI,N4 - Maize - 05.06.2023__7202023_15 : Height,N5 - Maize - 05.06.2023__832023_14 : Area,N5 - Maize - 05.06.2023__832023_14 : SI,N5 - Maize - 05.06.2023__832023_14 : Height
1,,MZ: Feature1,,,,,,67,,,,,,75,,,23,,,62,,,52,,58907,81,8854,28502,80,4043,,57,,,71,,,,,,,,,70,,,43,,,,,,,,,36,,,,,,41,,,44,,,40,,44138,85,8013,,32,,34040,80,6385,20826,83,3950,,,,27242,84,3854,42450,81,6313,,79,,47738,85,6519,,42,,,,,,,,,33,,,40,,,,,43029,88,6678,206586,91,32517,38712,81,5745,84483,90,13631,30242,81,4346,,31,,,,,,56,,,,,,,,,,,,45,,14920,82,2113
2,,MZ: Feature2,,,,,,,,,,,813419,92,159923,,77,,,,,30419,87,6337,52522,89,10059,4052367,99,653187,177170,95,31647,45970,86,8906,,,,,,,493915,92,87445,153951,92,30162,,,,21499,84,3946,,,,,,,130660,86,25121,,,,354073,89,53335,,,,,,,1186768,94,230897,,,,,79,,,,,,,,,,,,,,,80,,34901,83,6258,,0,,111319,93,19175,17127,83,3281,,67,,,,,1307114,90,221547,,,,,,,,,,,78,,43055,86,7935,,79,,,,,28705,86,5754,,,,43858,87,7941,37712,88,7737
3,,2-Pentanone,,,,,,71,,,,,813419,88,159923,,72,,,74,,30419,87,6337,52522,85,10059,4052367,94,653187,177170,93,31647,46413,82,8927,,,,,,,503676,91,87588,153951,89,30162,,,,21499,83,3946,,,,,,,124933,83,24640,,,,358696,89,53378,,,,,,,1186768,90,230897,,,,,77,,,,,,,,,,,105429,81,19285,,74,,34901,85,6258,,55,,111319,92,19175,17127,84,3281,,66,,,,,1307114,90,221547,268953,88,47599,,,,,,,,76,,43055,86,7935,,70,,42932,86,7832,27075,87,5568,50107,85,9848,43858,86,7941,37712,87,7737
4,,Decane,,,52,,,57,,,,,,,,,48,,,,,,78,,75496,90,10050,,,,,,,,49,,,,,,,,85158,84,6783,,,,,,,14189,84,1521,,,,,71,,,72,,,,,,,,,68,,,57,,,60,,,,,,,,,,,,,,,,,,79,,,,,,,,194179,88,19526,,,,,64,,,,,,51,,,51,,,,,,73,,,62,,,46,,33174,89,4009,,,,30071,85,3722,,,,59401,97,7662,30520,87,3874,,56,
5,,.alpha.-Pinene,,,,,,55,,,57,,,48,,,43,,,52,,,30,,,43,,,33,,,29,,,36,,,34,,,32,,,45,,,35,,,36,,,36,,,30,,,35,,,46,,,32,,,46,,,53,,394185,97,68251,,53,,,65,,,,,,34,,,47,,,31,,,,,,,,,,,,63,,,38,,,33,,,,,,26,,,,,,37,,,32,,,42,,,,,,25,,,,,,29,,,,,,34,,,32,,,27,
6,,Hexanal,,50979,81,9393,134055,90,25411,,77,,165883,92,31923,118320,90,22453,78826,91,15329,270317,94,49670,439656,91,83159,268466,92,43401,260185,90,43724,94632,93,15952,,73,,,57,,415219,95,73646,220174,94,34702,,,,43234,92,7038,,40,,,77,,,,,,38,,41721,83,6974,141033,91,27276,118856,91,23429,194407,91,37775,,72,,,71,,39324,89,6750,,76,,229911,91,34452,905197,94,152083,1233302,93,222004,16918,93,2941,281927,94,55559,77821,94,11567,71138,94,9546,,,,231574,94,38800,6547212,96,1264252,514708,94,92787,715048,91,127866,266654,93,44841,,52,,74639,94,11519,65952,94,10161,71562,95,12287,42094,95,9116,146338,96,27633,70761,95,12107,99410,95,16846
7,,.beta.-Pinene,,,,,,,,,,,,,,,,,,,,,67,,,57,,,,,,,,45503,86,8218,14167,81,3036,,28,,,76,,,61,,10560,85,1854,,79,,,,,,,,,,,,,,,72,,,,,79920,92,16780,,64,,,64,,,,,,,,,79,,,30,,,,,,,,,,,,,,18757,91,3636,,64,,,,,,,,,,,,,,,,,,,,,,,,,,,,,,,,,,,,,,,,,,,
8,,MZ: 3-Pentanol,,9517,94,2354,13686,94,3141,39231,97,8631,40988,97,9224,13618,95,3045,23031,95,4953,,,,,,,,,,,,,,,,,,,,25,,,,,,,,,,,,,,,,,10958,87,2346,,,,4541,88,1303,7707,89,2037,4134,83,1171,10923,94,3247,24357,96,6770,5024,91,1507,,,,8081,89,1848,41310,96,10019,,,,,,,,,,,,,,0,,,,,,,,,,,,,,,,,,,,,,,,,,,,,,,,,,,,,,,,,,,,,,,,,
9,,MZ: Undecane,,,,,,74,,,70,,,56,,,72,,,62,,,,,477527,95,67340,,78,,,67,,,,,,77,,,,,,68,,68884,93,8514,,,,,77,,,32,,55285,84,6625,49704,88,6130,,,,,,,,,,,68,,53201,88,9251,24374,87,4125,,51,,,62,,,50,,,,,,,,,56,,17537,84,2614,99687,89,17928,17171,86,2538,35271,94,4690,,,,,,,,,,,,,,,,,71,,,,,63921,95,7985,51543,93,5308,36699,93,4719,61289,94,6499,68032,94,7401,39959,94,4901,,80,
10,,MZ: Sabinene,,,,,,,,,65,,,62,,,,,,75,,,72,,1816382,99,256496,,0,,,,,,,,,,,,,,,,,,66,,,,,,,,,,,,,,,,,,,,,,,16633,91,4821,37581,94,10573,43711,92,12747,,69,,,,,,,,1459181,98,197058,,,,,,,,,,,,,,,,,,,,60,,,,,,,,,,,,,,,,,,,,,,,,,,,,,,,,,,,,,,,,,,,
11,,Isoamyl acetate,,,,,,,,,,,,,,,,,,49,,,,,,,,,,,,,,,,,,,,,,,,,,,,,,,,,37,,,79,,,,,,,,,,,,,,,,,,,,,,,,,,,,,,,,,,,,76,,317138,80,38768,105817,82,23182,,,,,,,,72,,,,,,,,,,,,,,,,,,,,,,,,,,,,,,,,,,,,,,,,,,44,,,,
12,,MZ: Feature3,,226135,92,54721,216427,90,54263,,70,,,65,,,0,,,57,,,0,,,,,270063,88,54141,,0,,346331,92,70613,241035,92,47698,,0,,800840,87,160290,103627,84,20514,,66,,24370,81,5066,,,,1028981,85,179065,1117362,90,256094,331224,91,72905,234192,91,55321,134578,82,31459,152428,82,34668,199277,78,44245,197630,75,46530,,63,,,28,,,,,,61,,,0,,104240,81,22176,,68,,114210,88,27130,16928,73,3252,36287,81,7089,,20,,61165,86,13344,,66,,203651,87,44303,44757,68,9145,46278,72,9003,,58,,50094,83,10321,52727,86,11013,33403,81,6696,28129,81,5473,67929,90,16078,22794,78,5087,22843,78,4966
13,,p-xylene,,117300,97,30575,122935,96,32354,8406,84,2419,,72,,,0,,,0,,,0,,26453,81,5739,144404,95,34569,,0,,242088,93,53782,173966,89,38423,,49,,,0,,55834,85,12697,,0,,17000,84,4376,,,,,0,,685769,95,170357,206445,97,52227,158541,97,38722,66647,95,17309,67388,95,17773,93003,96,23854,100470,95,26468,,0,,,0,,,0,,,0,,587873,95,96204,91015,91,22341,,0,,65850,94,15965,11033,77,2754,20588,83,5295,,,,52630,87,12449,88528,84,20647,182206,93,41474,39431,85,9113,35376,84,8624,,32,,44457,86,10443,47726,86,10642,29863,86,7293,,0,,63095,95,15905,21529,81,5278,19865,84,4588
14,,MZ: Feature4,,289971,93,65911,313980,96,71307,,0,,,73,,24797,92,5670,18736,89,4180,42432,90,7643,,77,,351256,96,64958,46589,88,7587,624215,97,110617,481698,96,83365,1501194,67,344330,1397315,93,238820,144190,96,24967,20052,84,3304,48068,91,8839,,,,1550079,95,251917,2027876,96,400876,580532,98,112682,431380,98,83999,144964,68,32219,146385,95,34275,189104,93,40979,215280,93,48258,9046,86,2011,11374,82,2147,278534,97,42417,49572,87,8287,604574,92,97054,310548,96,55997,10128,86,2064,255529,91,61441,32603,92,5485,67516,93,11707,,,,158650,83,30027,238096,58,52032,472023,95,86382,116721,85,21387,122110,85,19475,,32,,127908,95,21270,125775,97,22470,91282,96,14538,69097,93,9266,155497,97,33373,60217,94,10052,53847,94,9300
15,,m-xylene,,,0,,,0,,,0,,,61,,,0,,,0,,,0,,,77,,,0,,,0,,,0,,,0,,,55,,,0,,,0,,,0,,,0,,,,,,0,,,0,,,0,,,0,,,0,,,0,,,0,,,0,,,0,,,0,,,0,,,0,,,0,,,0,,,0,,,0,,,0,,,0,,,,,,0,,,0,,,0,,,0,,,0,,,0,,,0,,,0,,,0,,,0,,,0,,,0,,,0,
16,,3-Carene,,,74,,,74,,,61,,,53,,,58,,,56,,,,,,,,,74,,,,,402635,87,65898,,71,,,44,,239259,85,42217,,,,,45,,,66,,,70,,,,,,77,,,59,,,,,,,,,69,,,63,,,66,,,,,,,,459078,86,89641,,,,,,,,57,,,,,,,,27309,81,5344,,72,,,18,,,34,,,,,,,,,,,,61,,,,,,,,,,,,,,,,,,,,,,,,,
17,,MZ: Feature5,,,50,,,62,,100487,95,19977,259637,97,57979,55052,80,11766,58713,91,13189,,,,,,,,,,,,,,,,,,,,57,,,,,,,,,,,,,,,,,,,,,,,,,,,,,113944,82,23894,,,,,,,,,,,,,,,,,,,,,,,,,,,,,65,,,,,,,,,49,,,,,,,,,,,,,,,,,,,,,,,,,,,,,,,,,,,,,,,,,,,
18,,MZ: beta.-Myrcene,,,,,,,,,,,,,,,53,,,50,,813026,97,146902,14166951,99,3010969,30587,87,6313,11240,83,2060,,,,,,,,,,,,,25624,86,4780,,,,,,,,,,287625,97,56440,115305,96,25031,,71,,,77,,,,,196701,90,45433,,59,,,68,,,,,,62,,718048,99,145856,,,,,75,,,,,,,,,,,27296,90,5343,,,,,,,,,,,,,,73,,,,,,68,,,,,23601,81,3979,30021,91,5341,,43,,,,,,,,114165,95,19643,92225,94,18676
19,,.alpha.-Phellandrene,,,70,,,68,,,58,,,43,,,47,,,,,,64,,,,,,,,,,,402635,91,65898,,,,,45,,235423,86,42001,,,,,,,,,,,70,,,,,,,,,,,,,,,,,9011,86,3143,5732,85,2569,,74,,,,,,,,494930,81,92120,,59,,,,,,,,,37,,,,,,,,,,,,,,,,,,,,,,,,,,,,,,,,,,,,,,,,,,31,,,,,,34,,,,
20,,(MZ): Benzene-(1-methlyethyl)-,,,69,,,65,,,24,,,30,,,,,,,,,23,,,,,,,,,,,,,,,,,,28,,,79,,,,,,40,,,54,,,,,,,,,79,,20461,90,4972,14487,86,3722,,,,,,,,,,,,,,,,,,,,,,,,,,,,,59,,,,,10276,76,2435,,,,,0,,,,,,60,,,,,16279,81,3517,,,,,,,,24,,,,,,61,,,51,,,,,,,,,,,,,
21,,(MZ): o-xylene,,162204,93,37991,199831,91,47965,,73,,,55,,,68,,,0,,,0,,,40,,208066,87,45710,25687,82,4904,363872,94,72371,289576,96,64668,932360,81,208749,753309,95,147564,,76,,9501,82,2112,24388,93,5690,,55,,814658,94,160275,1077361,97,257059,302811,96,69859,224809,93,50575,,63,,100212,80,24111,,73,,,74,,,72,,,55,,,,,,72,,316050,91,59024,,77,,,75,,119192,91,28776,16331,88,3762,31269,92,7275,,,,,47,,,42,,,31,,,35,,,38,,,38,,,79,,68620,91,14514,47197,83,8651,32909,87,6180,92163,87,21479,27833,84,5814,29690,85,6323
22,,"1,4-cineol",,,,,,,,,,,,,,,,,,,,,,,,,,,,,,,,,,,,,,,,,,,,,,,,,,,,,,,,,,,,,,,,,,,,,,,,,,,,,,,,,,,,,,,,,,,,,,,,,,,,,,,,,,,,,,,,,,,,,,,,,,,,,,,,,,,,,,,,,,,,,,,,,,,,,,,
23,,MZ: D-Limonene,,34584,95,7421,72940,95,16346,9626,92,2802,14755,91,3429,26546,88,6167,23091,91,5156,656550,98,108123,307935,96,66837,115268,96,24428,22702,92,4476,180153,98,35910,99578,98,22952,341561,97,71729,456040,98,89136,45093,96,9478,13163,94,2998,21381,96,4740,28109,92,8385,413859,97,73277,233918,96,50952,33109,95,6714,29000,94,6727,79107,97,17733,122153,97,28757,294932,98,67362,135209,96,29636,13544,91,2524,48934,97,8108,1225073,98,230702,,,,57227,86,10409,37232,86,8753,,29,,160066,95,36326,29174,96,6621,29917,97,7002,,,,,64,,,,,35594,85,6137,83728,96,19419,15884,91,2730,,43,,18325,88,3033,7362,81,1226,,74,,11208,81,1781,19525,86,3350,29264,92,4790,12497,83,2296
24,,Eucalyptol,,,,,,,,,,,,,,,,,,,,,,,,,,,,,,,,,77,,,74,,,,,173908,81,36621,76520,89,13242,26721,92,5399,,40,,15108,91,5306,,,,,,,,,,,55,,,48,,,39,,,,,,44,,,,,,,,,,,,,,,,,,,,,,,,,,46877,91,9659,43177,88,8193,,,,,,,,,,,,,,,,,,,,,,,,,,,,,,,,,,,,,,,,,,
25,,Dodecane,,,,,,,,,,,,,,,69,,,61,,,57,,134756,90,27835,,,,,71,,,,,,,,,,,,,,35886,84,5597,,,,,,,14615,90,3988,,40,,,,,,,,,,,,,,,,,61518,91,12022,,,,,,,,,,,,,,75,,,68,,,,,,68,,71164,89,11485,,,,,,,,,,,,,,,,,,,,71,,,68,,,76,,106836,92,14081,,75,,,76,,42675,87,5769,56034,81,8005,,71,,37847,87,8023
26,,MZ: Feature6,,,74,,46629,87,11950,,71,,,37,,,,,,,,,,,,,,,,,,,,,,,,79,,,,,,,,,,,,,,,,,,,,248597,87,50082,269263,96,66520,71385,92,17249,52212,93,12622,,,,,,,,,,,72,,,,,,,,,,,,62,,,,,,53,,,,,,,,,,,,,,,,,,,,,,,,,,,,,,,,,,,,,,,,,,,,,,,,,,,,,,75,
27,,"MZ: 2-Hexenal, (E)-",,15850,86,5031,,0,,,,,36750,94,11725,85402,94,25529,31303,92,9101,496328,99,93366,1180970,98,302614,392876,98,83025,129318,97,20954,22078,91,4491,14323,87,3341,65977,93,17579,470962,98,89107,,58,,,62,,,59,,,67,,,,,,,,,55,,,49,,176652,98,46279,52070,98,16112,194059,98,45738,40355,94,9813,,66,,47840,95,8091,26743,91,5989,236203,97,48838,1158191,98,211103,619540,98,146387,,64,,,66,,,62,,,60,,,,,497981,98,95650,25387001,98,4805951,627067,99,126963,363683,98,79851,51183,95,9222,47484,94,9207,4856,82,1321,,56,,7928,88,1591,,,,9133,90,2391,,,,71144,95,9893
28,,MZ: Feature7,,119390,97,26165,159111,97,35128,,71,,,76,,12583,82,2807,,76,,,,,,54,,181296,90,37293,19954,80,3565,247181,95,46811,189164,93,41259,693211,96,143719,639402,94,115861,61341,94,12107,9345,85,1727,24854,89,4592,,,,906091,97,163427,1022792,99,218462,314752,98,63192,206955,98,42982,72396,93,15437,85230,95,18548,100287,97,21240,110987,97,23089,,66,,,63,,100765,92,19088,,,,,75,,105996,81,22621,6476,81,1121,95569,92,19995,14485,89,3070,34785,92,6636,,,,67741,81,12988,,43,,245256,84,42835,46893,83,9887,44597,89,8035,147060,90,27320,66731,92,11280,61700,90,10828,45697,93,7484,32168,89,5501,79940,91,15214,30750,90,5150,,68,
29,,4-ethyltoluene,,116892,95,26041,155189,98,34949,,70,,7992,84,1700,12583,84,2807,,78,,,50,,,56,,176641,88,37105,19336,85,3537,235468,97,46397,189164,92,41259,675059,97,142992,639402,94,115861,61341,95,12107,9345,84,1727,24854,90,4592,,,,906091,99,163427,1022792,98,218462,314752,98,63192,206955,98,42982,72303,93,15430,84636,97,18503,99907,97,21215,110723,97,23071,,67,,,65,,97777,95,18909,,,,,74,,104243,81,22577,,79,,94824,91,19947,14485,90,3070,34785,93,6636,,,,,76,,,34,,245256,86,42835,46893,81,9887,44597,90,8035,147000,90,27318,66731,93,11280,61700,89,10828,45435,95,7480,32168,89,5501,79940,91,15214,30750,91,5150,,66,
30,,3-ethyltoluene,,119390,96,26165,159111,98,35128,,71,,,77,,12583,84,2807,,78,,,50,,,55,,176641,88,37105,19954,83,3565,235468,97,46397,189165,92,41260,675059,97,142992,639295,94,115858,61341,95,12107,8486,82,1697,24854,89,4592,,,,905342,98,163400,1022792,98,218462,314752,98,63192,206955,98,42982,72436,93,15439,85230,96,18548,99907,97,21215,110987,97,23089,,66,,,65,,97777,94,18909,,,,,74,,104437,80,22577,,79,,94824,91,19947,14485,89,3070,34785,93,6636,,,,,75,,,34,,245062,86,42828,46893,81,9887,44597,90,8035,147000,90,27318,66731,93,11280,61700,89,10828,45435,95,7480,32091,89,5496,79646,91,15214,30750,90,5150,,67,
31,,MZ: Monoterpene1,,,64,,,52,,,43,,,40,,,53,,,57,,,62,,,73,,,54,,,59,,52951,88,11156,112621,85,29077,16749,84,4771,,43,,,48,,,62,,,43,,,0,,30480,91,7672,55389,95,16417,,,,,55,,59301,80,14194,110481,81,32332,19049,82,5506,22083,84,6200,,0,,,68,,26856,85,6497,,77,,157109,82,33708,60038,75,18656,,,,,55,,,79,,,55,,,19,,,46,,,58,,,73,,,0,,,46,,,,,,,,,,,,37,,,,,,,,,43,,,46,
32,,(MZ): (Z)-.beta.-Ocimene,,,0,,,,,,54,,,62,,,57,,,74,,,62,,,0,,,0,,,67,,,0,,,0,,,0,,,0,,,48,,,71,,,19,,9900,88,4367,,0,,,,,,,,,,,,0,,,0,,,0,,,0,,27076,95,6272,,70,,,0,,,0,,,0,,,0,,,,,,,,7103,83,2032,,66,,,22,,,64,,,62,,,,,69275,95,23213,,0,,,36,,,,,,,,,,,,,,,,,,,,,55,
33,,MZ: Feature9,,41127,88,10201,51399,80,13938,,49,,,45,,,46,,,46,,,48,,,,,38568,65,11329,,64,,67255,85,15215,72007,85,17946,,,,,,,14478,87,4158,,,,,77,,,38,,204890,92,45063,262560,99,75520,77125,98,20559,53090,95,14402,,68,,,70,,22260,86,6230,24789,90,6979,,34,,,76,,,,,,50,,44921,77,11509,24905,73,7744,,47,,28203,93,7816,,48,,10545,83,2468,,,,16380,84,4486,,67,,47315,87,11126,,74,,,75,,35760,91,8396,17927,81,3703,14402,88,3641,9402,87,2199,7169,80,1780,19456,91,5340,,78,,6093,82,1704
34,,Mesitylene,,41127,89,10201,,79,,,48,,,,,,43,,,44,,,,,,,,,,,,,,,0,,,60,,,0,,,70,,14478,85,4158,,,,,73,,,,,204890,90,45063,262560,97,75520,77125,98,20559,53090,95,14402,,,,,,,22260,84,6230,24789,87,6979,,,,,73,,,,,,,,,,,,,,,,,28203,93,7816,,,,,77,,,26,,16380,81,4486,,64,,47315,86,11126,,,,,,,35760,91,8396,7169,81,2554,15721,84,3700,12476,82,2371,7364,82,1803,20201,89,5411,,75,,,78,
35,,Styrene,,,32,,,34,,,26,,,25,,,27,,,24,,,25,,,,,,36,,,,,,44,,,58,,,77,,,65,,,78,,,52,,,60,,43399,92,10779,,64,,,64,,,77,,,32,,,28,,,38,,,31,,,45,,,,,,29,,,35,,,,,,,,,19,,,48,,45763,92,12398,,37,,27474,91,5796,,16,,,,,,,,,,,,16,,,,,106981,96,24404,,80,,,77,,,60,,19871,84,3694,,71,,,49,,,72,
36,,(MZ): (E)-.beta.-Ocimene,Values inserted from file 2,,0,,,70,,,66,,9240,60,2297,40871,92,12034,,,,72876,56,15370,212938,59,65765,230194,71,56010,86282,78,18619,47302,54,9765,,0,,,0,,,0,,,45,,60055,90,10073,13113,80,2931,222991,96,94531,843454,88,162133,1140877,92,279072,126994,82,24219,,75,,869462,91,228324,523991,96,145717,221777,91,62327,584946,97,159373,820614,96,146551,116596,93,23031,28579,81,6683,306409,90,94273,3632750,90,768497,1380055,90,435970,,,,,,,34019,85,7010,,69,,,26,,159187,96,46223,329103,44,108431,549838,82,117397,2234734,95,691433,492963,93,101770,,,,,,,,22,,,,,,,,,,,,,,,45,
37,,.gamma.-Terpinene,,17804,87,4629,,74,,,,,,,,,76,,,,,,,,29581,93,9687,129161,96,34273,,48,,32902,81,7216,99341,90,24221,1061749,98,261044,1498674,99,274798,,,,,,,,74,,29984,83,11654,287183,96,68191,,,,,,,7935,81,2111,,66,,76077,93,21147,,65,,29927,90,8972,,,,,74,,1401265,97,303563,,,,,,,,,,,,,,70,,22840,94,6113,,,,,,,,,,,,,,,,,,,,,,,,,,,,,,,,,,,,,,,,,,,,,
38,,Methyl 4-methylhexanoate,,,,,,,,,,,,,,,,,,,,,,,,,,,,,,,,,,,,,,,,,,,,,,,,,,,,,,,,,,,,,,,,,,,,,,,,,,,,,,,,,,,,,,,,,,,,,,,,,,,,,,,,,,,,,,,,,,,,,,,,,,,,,,,,,,,,,,,,,,,,,,,,,,,,,,,
39,,MZ: 3-Octanone,Values inserted from file 2,261316,87,72625,520363,93,139904,131655,97,41459,364150,98,96786,330610,97,93201,412616,98,117726,439538,96,88449,1218182,96,346664,818859,94,187703,167160,91,33530,344059,89,63907,314328,93,59990,462949,80,99851,376040,80,77742,,58,,76268,84,8348,65722,96,10819,70205,93,25611,183287,64,37253,98148,43,21771,,56,,772568,96,149180,1191722,94,333978,248403,84,68497,612905,93,167514,197381,83,56342,,39,,29249,57,5506,634378,94,126934,400110,88,114256,1045855,59,226922,918057,83,276264,,,,,,,87680,96,15499,,,,,,,59872,81,14735,9123156,98,2666181,552617,83,116210,493185,62,146775,162399,65,32505,,,,,,,,,,,,,,,,,,,,,,,,
40,,2-ethyltoluene,,,79,,,66,,,0,,,,,,,,,40,,,,,,,,,,,,,,,64,,,73,,,79,,,74,,,78,,,,,,67,,,72,,,,,,,,,,,,45,,,,,,,,,,,,,,,,,,,,,,,,,,,,,,,,,,,,76,,,,,,74,,,,,,,,,,,,,,,,,,,,38318,84,10054,,79,,16175,85,4383,,74,,,66,,23350,84,6635,,70,,,63,
41,,Hexyl acetate,,51658,94,15621,29604,90,7942,37159,92,12548,149074,95,42927,41781,87,12691,26589,88,8255,649769,95,150532,659274,95,213684,15729,86,4645,152889,94,36028,71797,86,17246,13921,84,3775,95075,49,24089,175045,54,43083,,,,,,,,,,,64,,,,,,,,,,,,,,20556,87,6210,25032,90,7841,35832,86,8123,33201,92,10965,,,,9744,89,2535,,0,,334563,95,110284,2580472,95,593713,802028,96,274497,,,,,,,,,,,,,,,,217430,95,70183,114520,94,40755,196151,94,47900,556435,95,186609,64566,94,16212,91397,93,24294,21169,89,5959,25610,92,7394,10506,80,2512,18829,92,5215,48664,94,14925,12293,85,2461,47735,94,15241
42,,MZ: p-Cymene,,91356,92,24289,67554,88,17512,8633,82,2600,,73,,19185,83,5153,18044,83,4867,,,,95923,84,25137,266247,93,67455,,,,760430,94,140544,251649,93,64947,3226766,96,744153,3208104,96,635655,68784,91,19570,30901,82,7102,38129,85,9125,24240,86,10353,1215292,92,241096,541585,94,145807,109932,94,27131,100636,92,24492,42695,83,10882,185160,95,49703,142412,93,37771,78621,90,20466,,,,19521,84,3555,4576212,96,944143,,73,,,,,36134,81,11027,,73,,24621,59,5667,104526,90,24479,96882,94,23836,,,,,56,,,71,,,24,,,,,,70,,,,,,40,,,69,,,42,,,71,,,70,,,64,,,65,
43,,"MZ: 1,2,4-Trimethylbenzene",,128609,95,36013,154312,94,40990,9351,85,3007,9974,80,2336,16725,85,4736,11788,87,3089,,55,,,,,181804,96,44247,,0,,309235,93,63656,243911,97,61141,765987,95,188979,,,,66759,95,17913,,61,,25045,90,6228,,72,,947967,97,190567,1133046,98,304307,349941,98,78335,229623,98,52751,74729,95,18984,83343,94,22349,88210,95,23709,107478,95,27870,,,,,76,,,,,,,,,0,,138004,89,40933,,79,,149442,96,38871,17524,83,4387,42650,93,9661,,,,79757,96,23200,119267,96,36538,268503,96,56534,58428,87,17354,59596,91,12218,188911,95,43325,81484,95,15846,73031,97,17465,55013,95,10569,35696,94,8466,94563,97,25117,36201,93,7019,29317,95,8269
44,,Terpinolene,,,,,,,,,34,,,41,,,54,,,34,,,,,,,,,76,,,29,,,46,,38784,88,9736,,,,,54,,,,,,,,,,,,56,,,71,,,,,,,,,,,,58,,8327,84,2521,,66,,,71,,,,,4037,84,923,200457,93,42546,,,,,,,,,,,,,,,,,,,,55,,,,,,,,,,,,,,,,,,,,,,,,,,,,,,,,,,,,,,,,,,,
45,,Tridecane,,,,,,,,,,,,,,,,,,,,,,,,48,,,,,,,,,,,,,,,,,,,,,,,,,,,,,,,,,67,,,,,,,,,,,,,,,,,,,,,,,,,,,,,,,,,,,,,,,,,24126,90,2838,102388,83,19885,,,,,,,,,,,,,,,,,,,,,,,,,,,,357153,85,39594,11967,84,3377,,,,,,,,,,,,,,,
46,,"MZ: (E)-4,8-Dimethylnona-1,3,7-triene",,79003,97,22522,145371,97,42110,62186,99,23629,216922,98,60812,228601,98,64529,238428,98,67532,374946,97,86128,326459,98,101490,9771,82,2496,332281,97,77057,102100,95,22684,50550,94,11211,242759,97,53967,113703,95,27118,2214,88,718,151160,98,20485,79739,98,14598,448927,99,215178,142414,91,28771,121567,97,27106,14249,95,2285,19617,90,3025,182704,98,51840,192028,97,55261,146337,98,42300,49967,98,14748,17214,95,2417,8884,89,2179,151872,96,29137,443549,98,123398,2553040,95,479208,1566055,99,476123,,,,,,,131701,98,23092,,,,,,,65209,95,22696,80813,91,27788,130613,97,33604,422450,98,139842,125627,96,31908,25389,93,5192,13268,93,3113,12431,93,2997,14265,92,3412,6125,85,1532,22888,95,6540,15362,91,3604,31336,96,9001
47,,"MZ: 3-Hexen-1-ol, acetate, (Z)-",,448659,99,129436,690216,98,199791,553983,99,217525,2731829,99,803248,594142,97,169970,425557,97,123795,12202123,98,2804414,17846992,98,5805968,364302,97,90724,5119970,98,1179798,2622152,98,565806,245556,90,52474,1299693,96,291843,2326955,98,552397,22544,96,8855,,0,,112981,90,23402,697005,96,316362,1043912,93,184871,312433,95,81620,,56,,32899,83,5310,657413,98,196925,836951,98,245138,546950,98,159880,1001833,99,295146,62368,88,7539,960659,98,207411,508683,91,106153,25491319,98,7480419,50248747,96,7733130,22849266,98,7179331,,,,,64,,87032,87,17710,7952,88,2288,,,,9106280,98,3150293,922468,93,304945,4418748,98,1079256,22651860,98,7139783,3564261,98,863271,3792118,98,895578,1295922,97,263025,1456330,98,366371,808526,97,169001,1012763,98,227369,2384477,98,650047,512882,96,107226,3370523,98,992418
48,,MZ: Feature10,,51457,87,12717,65978,94,16617,,,,,,,,35,,,22,,,,,,,,76047,82,18385,10479,33,2200,128103,92,25932,105094,94,24596,299292,91,66178,268194,61,57495,27303,24,6642,,,,8693,81,2320,,77,,322628,94,63472,348135,95,98214,106466,92,22613,74706,94,14938,30408,60,7684,33536,87,8454,38485,87,9591,44984,82,11326,,60,,,,,42213,89,8504,,24,,99840,25,31768,43075,28,15498,,26,,61389,89,14532,7839,79,1838,23002,58,5157,,,,,29,,39535,32,12337,85327,37,19014,20447,29,7404,21397,53,4632,53353,91,12634,25766,72,5098,,59,,14349,83,3273,10903,81,2786,26162,91,7407,,77,,8952,54,2446
49,,"1,2,3-Trimethylbenzene",,52528,88,12759,66189,92,16627,,,,,35,,,42,,,23,,,,,,,,76857,83,18419,,39,,129368,91,25985,105094,94,24596,306662,92,66296,,67,,,,,,,,,74,,,77,,326661,93,63644,392875,95,98898,106466,91,22613,74706,92,14938,,0,,33536,86,8454,38564,85,9595,44984,83,11326,,57,,,,,42535,87,8530,,35,,,,,,37,,,,,62414,87,14594,,73,,,58,,,,,,38,,,40,,,46,,,37,,,59,,53353,91,12634,,60,,,61,,,74,,11584,84,2841,27805,89,7539,,57,,,57,
50,,"2-Hexen-1-ol, acetate, (E)-",,,,,,57,,,,,60813,94,14208,,,,,,,762806,97,173753,728102,98,260067,,,,,,,,,,,54,,,51,,,,,,70,,,,,,63,,,64,,,,,,,,,55,,,,,,63,,,,,,66,,,66,,,,,,,,,,,,,,4270096,96,1128199,845999,96,202246,,61,,,70,,,64,,,67,,,,,,,,,,,,70,,274525,94,71250,,,,,,,,67,,,68,,,71,,,70,,,71,,,71,,,71,
51,,Sulcatone,,,,,47952,97,14927,,,,,,,125757,96,29613,,,,,,,,,,261307,98,67450,256240,90,38631,139108,92,23833,,,,382194,95,74320,776620,93,156507,2652673,99,710177,31805,92,4351,74924,98,14924,59939,98,26806,,,,75287,91,15660,,,,24533,90,4389,352970,99,101477,121238,97,29935,194428,99,58263,255750,98,69097,27799,92,3752,95842,96,16290,77181,96,16797,,,,,,,,,,78121,98,12897,464072,99,127617,47141,97,9642,514363,99,102759,,,,533336,96,123156,662665,98,203574,924810,98,228716,,,,237727,97,52412,56617,96,15961,89107,94,20844,,,,166514,98,35728,76179,97,16580,132979,98,40610,138714,98,30888,102242,98,33906
52,,1-Hexanol,,49970,64,9123,113369,75,20589,30648,89,11325,147402,92,28612,107286,77,19503,,,,1217578,95,252508,1756264,96,564738,202883,83,43047,156350,81,25416,81552,72,13892,45314,65,8968,101254,59,22049,325199,83,56591,90156,90,20863,,,,,56,,6774,82,3234,,,,,,,,20,,,,,332645,96,73252,108269,92,20035,235913,91,38978,183298,92,34773,,,,57877,94,9757,,71,,924193,96,280244,2423319,91,519245,1678075,94,479212,,,,42949,87,10108,22236,80,3963,,66,,,,,1633902,96,513583,13469801,96,4167787,2271784,95,483786,3076256,96,955826,361219,95,71660,180145,87,31746,,75,,73719,91,15604,42443,80,6653,60557,82,12479,95706,86,25076,30357,83,5069,118987,91,29737
53,,MZ: Feature11,,55709,88,14316,75793,83,20154,5156,52,2371,7210,48,2037,,68,,,67,,,,,,,,36422,90,10786,3638,60,953,129650,88,29707,107538,95,30859,375689,95,108839,305301,89,76040,16491,87,5287,,63,,8751,80,2274,,45,,216295,94,48694,290531,94,88564,79201,92,19484,54501,90,14205,17574,85,4797,21017,62,5782,22517,52,6011,25318,67,6673,,47,,,15,,21349,82,5098,,,,38251,48,10203,,,,,48,,5613,49,1456,5469,80,1619,16833,86,4433,,18,,,,,,,,,,,,,,,49,,7726,82,2768,,20,,,67,,,71,,9234,83,2853,11026,85,3493,,59,,8285,85,2773
54,,MZ: Benzene derivative1,,18917,90,5405,22220,88,6556,,35,,,54,,,70,,,,,,47,,,78,,26729,92,6647,,59,,42305,93,9852,34618,91,9074,96363,92,25960,107149,92,26627,8476,78,2878,,41,,,71,,,,,153175,94,32785,149594,95,39823,55153,93,10337,32674,91,6624,13553,78,4152,13858,87,4242,17201,84,4913,20541,88,5814,,30,,,52,,,,,,,,45006,71,13025,13283,85,3931,,,,19244,87,5396,,,,,79,,,,,,0,,,48,,,55,,,52,,,45,,,56,,7726,81,1950,5095,82,1513,,70,,,71,,9890,85,3056,,67,,,60,
55,,MZ: Feature14,,27540,94,7536,38631,91,11439,4256,85,2069,8926,90,2729,54883,95,15845,58468,97,16682,,,,,,,,38,,,25,,,,,,71,,,76,,,71,,,51,,,42,,,79,,,,,,,,,,,,,,,,,,,,,,,,,,,50,,,,,,74,,,,,,,,,,,,,,,,,,50,,,73,,,,,,,,,,,,,,,,,,,,,,,,,,,,,,,,,,,,,,,33,,,29,,,43,
56,,Allyl caproate,,,,,,,,,,,,,,,,,,,,,,,,,,,,,,,,,,,,,,,,,,,,,,,,,,,,,,,,,,,,,,,,,,,,,,,,,,,,,,,,,,,,,,,,,,,,,,,,,,,,,,,,,,,,,,,,,,,,,,,,,,,,,,,,,,,,,,,,,,,,,,,,,,,,,,,
57,,"MZ: 3-Hexen-1-ol, (Z)-",,,,,49335,95,13261,60785,90,23387,322732,98,76801,32681,94,9843,17535,89,5078,3528159,99,558812,7462455,98,2018453,733825,98,157992,396212,95,70098,214801,96,38447,65275,95,14213,121159,94,25230,585136,96,109242,22518,93,7289,,,,,,,9871,90,5043,138791,95,24567,224517,97,47881,,,,,,,1587849,97,372987,500219,94,107296,590272,94,134121,744272,96,174375,,,,1002994,98,117765,134512,96,25938,8005780,98,2098557,7238365,99,1498945,4438662,99,1279020,,,,,,,,,,,,,,,,10226342,98,2826592,5082787,99,1618152,4058163,98,810274,15289622,98,3274124,4740361,99,722408,769079,98,157783,100663,95,22731,293959,92,60217,115667,95,24774,247500,98,56362,366893,98,98687,53563,94,13181,1134125,98,298775
58,,Butyl isothiocyanate,,,,,,,,,,,,,,,,,,,,,,,,,,,,,,,,,,,,,,,,,,,,,,,,,,,,,,,,,,,,,,,,,,,,,,,,,,,,,,,,,,,,,,,,,,,,,,,,,,,,,,,,,,,,,,,,,,,,,,,,,,,,,,,,,,,,,,,,,,,,,,,,,,,,,,,
59,,3-Octanol,,,78,,270644,87,60284,106295,90,49399,213953,89,56829,,77,,291798,88,67129,,,,,,,,,,,,,,57,,,,,,,,,,,,,,23329,82,3402,,,,,,,,61,,,55,,,61,,599508,98,146478,,,,,,,,,,,,,,,,,,,291001,82,59350,,,,,,,,,,,,,,,,,,,,,,,,,,,,1756152,87,634970,,,,,,,,,,,,,,,,,,,,,,,,,,,,,,,,,
60,,Nonanal,,69936,87,9449,,71,,66814,85,23999,,70,,295448,92,57289,,75,,,73,,,74,,304465,91,60506,,70,,276479,92,48297,232269,96,47914,696886,96,124773,471454,87,89172,3856387,99,980404,114171,97,10777,635689,99,100160,118550,98,38683,137800,87,23211,134919,90,18710,41520,95,7668,,,,,71,,,69,,331024,82,74895,,69,,74823,97,8705,,71,,,78,,,74,,1005742,81,225383,800498,91,200525,236466,99,35260,1343908,99,271302,536162,98,80098,735549,99,126236,49896,96,5421,997610,91,234379,,73,,1869118,91,414597,589388,82,173157,,73,,616162,90,71737,1443210,99,325917,672198,98,118422,1501406,98,289087,1107381,99,195412,3303388,99,824108,2267946,99,458158,1996701,99,446150
61,,Tetradecane,,,66,,,,,,57,,,,,,,,,,,,,,,,,,,,,63,,,,,,,,,,,,,,,,,,,,,,,46310,91,9770,,,,,,,,52,,,,,,,,,,,115744,90,24277,,62,,,,,,74,,,63,,,,,,,,,,,,77,,,,,,,,,,,,,,,,,,,,,,,,,,,71,,,,,179571,92,36310,,,,,,,,,,,,,,,,,,
62,,MZ: Feature13,,,,,,,,,,,,,,,60,,,,,,50,,,,,,71,,,59,,24661,83,5616,,77,,29543,81,7641,49018,87,12972,,68,,,,,,,,,,,50980,87,12234,59501,86,15514,16686,77,3836,12750,80,2319,,39,,,,,,,,,75,,,,,,39,,,,,,,,,,,,,,,30,,,,,,44,,,50,,,,,,64,,,65,,,69,,,,,,,,,56,,,68,,,37,,,53,,,37,,,67,,,63,,,28,
63,,4-Methyl-1-hexanol,,,,,,,,,,,,,,,,,,,,,,,,,,,,,,,,,,,,,,,,,,,,,,,,,,,64,,,,,,,,,,,,,,,51,,,,,,39,,,46,,,,,,,,,,,,,,,,,,,,,,,,,,,,,,47,,,,,,,,,,,,,,,,,,,,,,,,,,,55,,,40,,,,,,,,,,,,,,,,
64,,p-Methylanisole,,,24,,,74,,,75,,,49,,8518,82,3339,9146,80,3428,,,,,,,,,,,,,,,,,,,,,,,,,,60,,,52,,,32,,,,,,,,,,,,,,,,,,,,,63,,,62,,,65,,,,,,,,,,,,41,,,,,,,,,,,,47,,,,,,,,,,,,,,,,,,,,,,,,,,,,,,,,,,,,18,,,,,,64,,,,,,52,
65,,[L2] Linalool oxide isomer a,,,,,,,,,,,,,,,70,,,,,,64,,,75,,,,,,,,,,,,,,,76,,,48,,,69,,,,,,,,,54,,,,,,71,,,,,,,,,65,,,79,,,,,,,,,,,,,,,,,,,,,,,,,,,,,,,,,,,,,,,,,,,,,,,,,,,,,,,,,,,,,,,,,,,,,,,,,,,,,,68,
66,,MZ: 1-Octen-3-ol,,816545,98,173867,2246978,99,626232,843648,99,357115,2031627,99,570819,1668989,99,459582,1892774,99,498150,1945506,99,437922,4009913,98,1295527,1389824,98,410262,1266275,98,282295,684201,98,151993,604990,98,182209,1406261,98,329981,852364,98,188549,,,,233276,97,37744,219881,97,50813,238690,98,135552,472235,98,98106,277848,97,64182,78076,95,18130,4830781,99,1198494,1525317,99,693803,1032788,99,259123,995681,99,205414,490123,99,116441,31179,81,4152,72288,92,11345,793637,98,177600,1803445,98,500212,8515343,99,2195961,6216276,98,2065015,,73,,,,,278216,97,71118,,,,,49,,831033,96,244470,34285869,92,8233216,3718103,99,931912,7697079,98,2638346,2282326,99,546235,,,,,,,,,,,,,,,,,,,,,,,,
67,,1-Tetradecene,,,,,,73,,,,,,,,,,,,,,,,,,,,,,,,,,,,,,,,,,,,,,,,,,,,,,,16140,86,4987,,,,,,,,,,,,,,,,,,,,,,,,,,,,,66,,,,,,,,,,,,,,,66,,,,,,,,,,,,,,,,,,,,,,,,,,,,,,,,,,,,,,,,,,,,,,,,47,,,,
68,,[L2] Linalool oxide isomer b,,,,,,,,,,,,,,,70,,,,,,64,,,77,,,,,,,,,,,,77,,,80,,,53,,,70,,,,,,,,,58,,,,,,73,,,,,,,,,,,,79,,,,,,,,,,,,,,,,,,,,,,,,,,,,,,,,,,,,,,,,,,,,,,,,,,,,,,,,,,,,,,,,,,,,,,,,,,,,,,,
69,,"(Z)-1,5-octadien-3-ol",,,0,,314092,84,75478,22239,80,9189,24604,94,8098,18828,94,8479,14683,94,6988,54333,93,15873,159907,93,55854,53063,95,18532,59219,79,18522,12385,71,4834,15157,84,5917,24992,83,9794,,0,,,0,,,62,,,0,,13825,80,6890,,0,,,0,,,0,,87805,98,25113,19092,78,7201,13478,80,5718,,,,,76,,,0,,,0,,8791,81,3009,88861,94,27971,283828,96,88766,194093,94,68770,,0,,,74,,8299,80,3275,,0,,,0,,,0,,1200355,98,441141,42933,91,14707,116770,96,43607,37586,91,10906,,0,,,0,,,73,,,72,,,0,,,75,,,73,,,74,
70,,MZ: Sesquiterpene1,,19529,88,5356,29487,84,8279,5729,89,2940,9248,84,2682,29188,86,7955,12478,85,3594,28370,84,7578,43880,81,13830,,0,,33396,83,9141,,0,,36823,77,9644,,0,,,0,,,,,,74,,9284,82,2628,110328,99,61369,,0,,,,,,0,,,,,15538,85,4432,15089,83,4178,20653,85,5768,18907,85,5321,,,,6051,83,1516,,0,,22137,83,6342,98578,78,26839,35829,85,11756,,,,,0,,5656,82,1614,,0,,,,,,76,,,0,,,0,,,,,,,,17577,84,4644,,,,29162,82,8661,39457,88,10044,,69,,35167,79,9029,59116,88,15426,46863,78,12162
71,,Menthofuran,,,,,,,,,24,,,,,,,,,,,,,,,,,,,,,28,,,,,,,,,,,,,,,,,,,,,,,,,,,,,,,,,44,,,20,,,,,,,,,,,,,,,30,,,,,,,,,,,,,,,,,,47,,,50,,,,,,,,,17,,,,,,,,,,,,,,,,,,,,,,,,,,,15,,,,,,10,,,,,,,
72,,Benzofuran,,110010,86,30205,,68,,,74,,,29,,,27,,,24,,,,,,,,,31,,,,,,57,,,55,,,40,,,47,,,16,,,,,,23,,31995,83,11386,,77,,195379,89,56559,,80,,35181,82,9113,,37,,,36,,,20,,,29,,,,,,18,,,34,,,,,,19,,,17,,,16,,,19,,,67,,,19,,,,,,,,,19,,,16,,,16,,,20,,,21,,,17,,,16,,,12,,,,,,12,,,13,,,12,
73,,Decanal,,,46,,,,,,,,25829,93,4752,164699,96,33176,,,,112911,95,17421,99342,96,27620,170393,97,29088,83180,95,15356,199883,89,31547,128453,89,30033,792533,92,141816,373444,81,68737,3760500,98,1040808,66776,97,7671,329273,98,50055,,,,,67,,68777,90,12455,,,,,,,216734,92,29486,,,,631817,95,103582,,,,61599,93,6611,85494,97,17027,142249,94,22371,99197,97,20223,703879,97,158228,492481,98,141420,256252,98,36173,1234926,98,282141,240800,98,36276,769443,98,140282,34472,87,3742,261264,98,68638,250345,97,94731,1483069,98,344852,275217,98,81674,211347,98,46153,530618,98,82339,1380452,98,286935,849986,98,164148,1344512,98,276962,1104158,98,206322,1466450,98,368803,1059999,98,228804,1180106,98,251662
74,,Pentadecane,,,,,,,,,75,,,,,,,,,,,,,,,,,,,,,,,,,,,,,,,,,,,,,,,,,,,,,60,,,,,,52,,,,,,,,,,,,,,,,,,,,,,,,,,,,,,,,,,,,75,,,,,,70,,,,,,,,,,,,,,,,,,,,,,,,,,,66,,37582,85,10470,,,,,,,,,,,,,,,,,,
75,,Camphor,,,,,,,,,,,,,,,,,,,,,,,,,,,44,,,,,40916,84,7420,,78,,222902,96,52981,316817,98,73277,13709,81,5375,,,,,,,,,,,77,,26487,85,7331,,73,,9916,84,2098,,,,,,,,,,,37,,,,,,,,8556,81,2013,,,,,,,,,,,,,,63,,,,,,,,,,,,,,,,,,30,,,,,,,,,,,,59,,,63,,,,,,,,,,,,69,,,,
76,,Benzaldehyde,,106771,90,24234,,78,,72454,95,23334,96693,91,23233,144806,89,35831,87284,89,21532,111718,97,19345,167313,96,41009,157025,97,34389,71393,94,12704,112439,95,19924,118447,97,26604,106925,93,23971,106314,89,21148,137718,96,35639,70842,95,8953,90568,97,17522,119325,81,37255,118188,95,20874,78854,95,18197,135268,95,24536,91396,92,14374,80887,96,21710,105877,91,27312,69793,95,17107,103233,96,25628,42843,92,5746,109211,96,17885,85933,94,19711,146707,97,32167,212151,97,45773,237046,95,56095,153908,96,24200,134629,97,36628,114850,97,22253,104210,96,21492,43526,95,4926,187328,98,48496,1984132,98,618567,294524,98,67144,319007,98,87560,167132,97,32999,304049,98,62716,280369,98,59644,398942,98,98264,305735,98,64930,353263,98,87385,276444,98,72931,186796,98,37516,194046,98,48729
77,,Isolongifolene,,,,,,,,,27,,,,,,,,,61,,,,,,63,,,,,,,,,,,,,,,,,,,,,,,,45,,,,,,47,,,,,,,,,,,,,,,,,,,,,29,,,,,,,,,,,,,,,,,,74,,,45,,,,,,,,,,,,,,,35,,,,,,,,,,,,,,,,,,36,,,35,,,35,,,,,,,,,,,,,,,,
78,,MZ: Linalool,Values inserted from file 2,16004,88,3779,36930,91,10360,9998,81,3233,21717,92,3564,72963,95,20298,34173,93,8225,177303,98,43840,228519,92,79051,40547,84,9168,188515,94,50025,60992,82,14765,20484,83,6032,109372,85,28741,80133,84,19180,13072,82,4616,15093,88,3481,,73,,,69,,278299,98,70734,427630,97,125736,29464,87,8253,205455,97,45841,219246,98,58009,684629,97,195899,283055,99,74860,113241,98,26099,121128,98,27672,11363,81,2360,204650,98,51606,48078,91,11999,738049,98,211498,208546,96,64708,,,,6062,76,2321,13719,83,3796,,72,,,,,31531,90,9188,440113,98,171903,130197,96,37254,847283,98,300121,203715,98,54413,135872,98,37655,46173,86,13012,44077,93,13825,,,,32317,91,9755,97241,96,32111,65960,93,17716,54056,94,16674
79,,1-Pentadecene,,,,,,71,,,,,,,,,66,,,,,,,,,,,,,,,,,,62,,,,,,,,,44,,,,,,,,,,,,74,,,56,,,,,,75,,,66,,,,,,,,,,,,,,,,,,,,,,,,,,,,,,,,,,,,,,,,,,,,,,,,,,,,,,,,,,,,,,,63,,,69,,,,,,,,,,,,,,38767,85,5693,,,
80,,Linalyl acetate,,,,,,,,,,,,,,,,,,,,,,,300730,86,97515,,,,,,,,74,,,,,,,,,75,,,,,,,,,,,,,,,,,,,,,80,,,,,,,,,,,,,,,,,,,,,,,,,,,,,,,,,,,,,,,71,,,,,,,,,,,,,,,,,,,,,,,,,,,,,,,,,,,,,,,,,,,,,49,,,,
81,,MZ: Feature16,,38247,91,10933,43321,88,14296,,66,,13811,90,3715,36562,89,10331,23872,92,6743,9755,85,2519,,,,18846,85,5077,,70,,40507,82,8009,63944,95,18767,214595,92,61212,,,,,,,,52,,,64,,,,,18835,82,5287,29246,81,7447,,74,,,,,32229,91,9026,59410,84,15642,,0,,14678,86,4101,,61,,,73,,119953,80,30902,,62,,,65,,,60,,,64,,,0,,5686,81,1908,,67,,,,,,62,,,59,,,56,,,,,,,,,,,,63,,,58,,,53,,,58,,,,,,54,,,54,
82,,alpha-cedrene,,38669,95,10957,52059,96,14955,,53,,13809,93,3715,36562,93,10331,18680,94,6263,,77,,,75,,18846,81,5077,,,,,79,,67495,92,19007,216834,90,61317,,,,,,,,53,,,55,,,,,18835,87,5287,29635,88,7464,,69,,,,,32398,95,9034,58700,90,15603,,,,14819,86,4109,,63,,,69,,,,,,73,,,54,,,48,,,35,,,,,,,,,59,,,,,,52,,,54,,,45,,,,,,,,,66,,,53,,,47,,,,,,47,,,44,,,,,,43,
83,,Bornyl acetate,,,,,,,,,,,,,,,,,,,,,58,,,,,,,,,,,,,,,,,81532,88,23850,,,,,,,,,,,,,,,,,,,,,,,,,,,,,,,,,,,,,,,,,,,,,,,,,,,,,,,,,,,,,,64,,,,,,,,,37,,,,,,,,,,,,,,,,,,,,,,,,,,,,,,,,,,,,,,,,
84,,MZ: Feature17,,,,,,,,,,,,,,,,,,,,,,,,,,96241,92,18303,,,,,,,,,,,,,,,,,,,,,,,,,,,,,,,,44,,,,,,42,,271685,82,41032,,56,,140975,92,32152,79021,83,11803,,,,120963,84,15204,,70,,,,,,,,,,,,,,,,,,,,,,,,,,194722,97,49137,857259,98,209917,236617,95,41729,209241,94,53355,132292,96,21275,85934,93,15825,,,,,52,,,77,,,,,,77,,,,,120140,96,23501
85,,2-Undecanone,,,,,,,,,,,,,,,42,,,,,,,,,,,,,,,,,,,,,,,,,,,,,,,,,,,,,,,,,,,,,,,,,,,,,,,,,,,,,,,,,,,,,,,,,,,,,,,,,,,,,,,,,,,,,,,,,,,,,,,,,,,,,,,,,,,,,,,,,,,,,,,,,,,,,,,,
86,,4-Terpineol,,,,,,,,,,,,,,,,,,,,,,,,,,,,,,,,,,,,,,,,,,,,,,,,,,,,,,,,,,,,,,,,,,,,,,,,,,,,,,53,,,,,,,,,,,,,,,50,,,73,,,39,,,,,,,,,67,,,,,,,,,,,,,,,,,,,,,,,,,,,,,,,,,,,,,,,,,,,
87,,MZ: (E)-.alpha.-Bergamotene,,349021,98,109142,441246,98,134089,93845,97,32516,165494,98,51797,518666,98,165823,409694,98,123719,934523,98,227932,1226036,95,388733,,51,,876215,99,235193,236784,91,59635,239095,94,68748,733547,97,236758,309120,85,93392,,,,98515,97,21407,267764,98,73412,1025816,97,342816,,,,,,,,45,,,64,,,,,,,,,0,,,,,,66,,,,,,0,,497920,98,136927,4738994,99,1445328,1880302,98,630629,,,,,,,220164,98,60886,,,,,,,,53,,,,,,51,,,58,,,56,,,52,,,43,,20076,86,5526,,54,,,,,,65,,,69,,,48,
88,,Methyl nonyl ketone,,,,,,,,,,,,,,,,,,,,,,,,,,,,,,,,,,,,,,,,,,,,,,,,,,,,,,,,,,,,,,,,,,,,,,,,,,,,,,,,,,,,,,,,,,,,,,,,,,,,,,,,,,,,,,,,,,30,,,,,,,,,,,,,,,,,,,,,,,,,,,,,,,,,,,,,
89,,Hexadecane,,,28,,,26,,,,,,33,,,48,,,,,16489,81,4139,,78,,,,,17903,81,4131,,36,,,76,,,44,,,38,,,69,,,,,,62,,,57,,,,,,,,12655,83,2727,,,,,,,,30,,,,,2277,81,1024,,41,,29565,87,5445,,,,,60,,,,,,75,,32915,82,6206,33276,83,9129,,,,,62,,,55,,,,,,,,,67,,31387,81,12151,24905,83,6494,,62,,,68,,,70,,,70,,,70,,,70,,,71,,,71,
90,,MZ: Caryophyllene,,59723,95,15232,133740,97,37121,18771,81,5109,54659,97,15842,96919,97,27761,74036,98,20585,190350,97,43553,1605292,98,546037,,69,,227656,96,53777,900834,98,214259,648504,97,207894,3589906,99,1120038,4093309,99,1130882,,,,152900,97,33217,68223,94,16012,173657,96,48724,40114,83,10514,53732,86,15897,,48,,,68,,39691,92,11254,263638,98,75798,102715,95,29172,32458,93,7753,19522,95,4410,,,,68203,90,19886,114196,94,27089,2557031,99,638277,786581,97,236950,,40,,,,,160358,97,41692,,,,,,,29937,87,8823,,,,,,,,,,25899,86,6465,76569,95,22198,97436,93,31237,60950,93,18411,104456,94,31757,19835,87,4633,26908,88,9376,28547,89,10341,68324,94,22880
91,,Dihydrocarvone isomer a,,,49,,,60,,,49,,,,,,61,,,61,,,62,,,55,,,54,,,62,,,,,,56,,,55,,,55,,,66,,,62,,,62,,,61,,,41,,,51,,,57,,,49,,,,,,57,,,,,,,,,54,,,,,,55,,,,,,61,,,62,,,,,,70,,,62,,,49,,,38,,,,,,,,,,,,,,,,,,,,,49,,,,,,48,,,,,,,,,46,,,,
92,,Methyl benzoate,,,30,,,,,,,,,31,,,34,,,45,,,57,,,,,,,,,59,,,,,,39,,,54,,,,,,35,,,,,,41,,,,,,59,,,,,,51,,,76,,,70,,,,,,71,,,56,,,,,,43,,,38,,,55,,,57,,,46,,,31,,,27,,,38,,,50,,,,,,67,,,39,,,72,,48312,88,13883,,66,,62689,89,14349,37629,84,9891,110010,94,29928,,72,,29346,87,8481,55634,89,15863,58981,90,14745,43082,89,11707
93,,Dihydrocarvone isomer b,,,45,,,,,,,,,,,,,,,52,,,52,,,53,,,53,,,53,,,53,,,54,,,52,,,52,,,68,,,52,,,52,,,52,,,35,,,48,,,,,,48,,,,,,52,,,,,,,,,51,,,,,,53,,,,,,52,,,53,,,,,,71,,,52,,,,,,38,,,,,,,,,,,,,,,,,,51,,,44,,,,,,44,,,47,,,,,,,,,,
94,,Phenylacetaldehyde,,,63,,,51,,,47,,,69,,,78,,,51,,,39,,,48,,,30,,,34,,,27,,,49,,,65,,,40,,,41,,,62,,,51,,,,,,54,,,,,,59,,,51,,,35,,,32,,,48,,,34,,,48,,,41,,,28,,,35,,,28,,,71,,,72,,,69,,,68,,,45,,,44,,,40,,1629127,94,305082,255900,90,35929,628095,92,129980,,48,,,61,,,40,,,74,,70714,83,9602,,43,,,41,,,69,,,74,
95,,Pulgeone,,,,,,,,,,,,,,,48,,,,,,,,,,,,,,,64,,,,,,,,,,,,,,,,,,,,,,,,,,,,,,,,,,,,,,,,,,,,,,,,,,,,,,,,,,,,,,,65,,,,,,,,,,,,,,,,,,,,,,,,,,,61,,,,,,,,,,,,,,,,,,,,,,,,,,,,,,,
96,,Ethyl benzoate,,,,,,28,,,,,,,,,,,,,,,,,,,,,25,,,,,,29,,,,,,,,,,,,,,,,,,,,,,,,27,,,,,,23,,,74,,,24,,,30,,,39,,,25,,,,,,24,,,30,,,,,,,,,,,,,,,,,,,,,,,,30,,,,,,50,,,28,,52018,87,18438,,38,,,,,,25,,,,,,,,,25,,,29,,,,,,35,
97,,MZ: (E)-.beta.-Farnesene,,4415,88,1712,14638,94,5858,,51,,8023,95,3068,17904,96,6988,11766,91,4282,,73,,,68,,,,,,70,,,0,,,69,,,0,,5148307,99,1660431,,,,,,,,74,,,0,,,,,,,,,,,,,,,72,,23124,95,9625,,,,,,,,,,,,,,,,,0,,,0,,135589,97,55994,,,,,,,,62,,,,,,,,,57,,,,,,60,,,,,,,,,,,,,,14027,88,5131,,,,,,,,,,,76,,,,
98,,Ipsdienol,,,,,,,,,,,,,,,,,,39,,,,,,,,,,,,,,,,,,,,,,,,,,,,,,,,,,,,,,,,,,,,,,,,,,,,,,,,,44,,,,,,,,,51,,,,,,,,,,,,,,,,,,,,,,,,,,,,,,,,,,,,,,,53,,,57,,,,,,,,,,,,,,,,,,,,,,,,,
99,,Estragole,,,48,,,,,,,,,51,,,,,,,,,,,,,,,,,,50,,,,,,,,,,,,47,,,,,,38,,,,,,,,,,,,,,,,,,,,,,,,50,,,,,,,,,55,,,,,,,,,,,,,,,50,,,,,,,,,45,,,,,,,,,,,,,,,,,,21,,,41,,,,,,,,,,,,,,,,,,52,,,17,,,,
100,,dihydrocarvyl acetate,,,,,,55,,,,,,,,,,,,,,,,,,,,,,,,,,,,,,,,,,,,,,,,,,,,,,,,,,,,,,,,,,,,,,,,,,,,,,,,,,,,,,,,,,,,,,,,,,,,,,,,,,,63,,,,,,,,,,,,,,,,,,,,,,,,,,,,,,,,,,,,,,,,,,,,,,
101,,MZ: alpha-Humulene,,33761,93,9613,80985,92,25191,,45,,32140,91,9689,51554,85,15076,39496,88,10764,107546,94,23387,292965,92,90597,,71,,129572,95,28886,269618,95,69727,455894,95,148325,1912357,94,597163,1999168,90,630295,,,,73598,95,15895,54514,85,14196,725445,94,259476,,61,,12652,81,3794,,56,,,,,13790,84,4146,99153,88,28225,,54,,,64,,7568,83,1890,,29,,,57,,67052,77,17706,1795639,95,478621,480675,90,145677,,,,,30,,70459,90,18362,,35,,,,,,51,,,,,,44,,,52,,,73,,,77,,,69,,,,,,78,,,44,,,64,,,63,,,67,
102,,4-Methyl-4-hexanolide,,,,,,,,,,,,,,,,,,,,,31,,,,,,,,,,,,,,,,,,26,,,,,,,,,,,,,,,,,,,,,41,,,,,,,,,,,,,,,,,,,,,,,,39,,,,,,,,,,,,,,,,,,,,,,,,,,,,,,,,,,,,,,,,,,,,,,,,,,,,,,,,,,,,,,,,,,,
103,,.alpha.-Terpineol,,,,,,,,,,,,,,,,,,,,,,,,,,,72,,,,,,,,,,,,,,,,,,59,,,,,,56,,,,,,62,,,,,,,,,,,,,,,,,,,,,,,,,,,,,,75,,,,,,,,,69,,,,,,,,,,,,78,,,,,,,,,,,,,,,,,,78,,,,,,,,,30,,,,,,,,,43,,,68,,,,
104,,(+)-Verbenone,,,,,,,,,,,,,,,,,,,,,,,,,,,52,,,,,,,,,,,,,,,,,,33,,,,,,,,,,,,,,,,,,,,,,,,,,,,,,,,,,,,,,,,,,40,,,,,,,,,51,,,,,,,,,,,,77,,,,,,,,,58,,,,,,,,,,,,45,,,,,,,,,,,,,,,43,,,,,,,
105,,Heptadecane,,9930,85,2972,37614,94,12272,5911,88,2276,12690,89,4061,12157,82,3826,5591,83,2099,,,,,,,,74,,,31,,,,,10781,85,3871,39640,88,14105,,36,,,,,,,,,74,,24497,91,8587,,37,,,,,,,,,,,,78,,,23,,,80,,22593,81,6100,,37,,12346,89,3400,,80,,,80,,,,,31266,84,10484,10843,90,3078,28214,92,8517,,32,,,58,,,,,,0,,,,,20563,85,7316,33347,84,7835,39097,94,10602,,55,,57629,94,18237,13734,88,4275,30516,94,9282,32556,96,9342,21094,94,7411,26119,94,8564,30626,95,9405
106,,MZ: Dodecanal,,,,,,,,,,,,,,11602,69,3506,,,,,,,,,,18587,73,4816,,,,,,,,,,,,,,,,227792,96,53927,,,,24801,86,5455,,33,,,,,,,,7934,90,1863,,,,,,,,,,18620,94,3754,25977,85,5542,,,,13645,89,2884,14888,77,3559,16584,74,3747,,,,,,,17833,86,3520,83471,95,22878,,,,39948,95,9642,,35,,34766,77,8128,,,,105778,93,24263,47438,89,12626,,69,,11624,89,2352,101149,90,24582,62647,93,12534,125032,94,23988,85387,94,19270,108712,95,29415,77737,91,18864,84390,94,19021
107,,o-Dimethoxybenzene,,,,,,,,,,,,69,,9858,85,2907,6533,83,1709,,,,,,,,,,,,,,,,,,,,,,,,,,,,,,,,46,,,,,,,,,,,,,,,,,,,,,,,,,,,,,,,,,63,,,,,,,,,,,,,,,,,,,,,,,,,,,,,,,,,,,,,,,,,,,,,51,,,37,,,79,,,73,,,,,,32,,,34,,,,
108,,Germacrene D,,13591,80,2745,423407,94,114725,,72,,12600,88,2812,25146,74,5542,14190,85,3337,53504,92,10683,161755,93,41440,27236,78,6899,33033,91,7096,1309553,94,322445,750562,94,206516,258590,93,82616,282977,93,90077,,,,14417,91,2364,,78,,209223,94,70268,14156,78,3168,,58,,,62,,,33,,10013,83,2358,942148,95,249258,4634,58,1100,5246,55,1118,7425,81,1414,,,,12830,64,3119,27256,70,5459,674128,95,168301,198001,85,53535,,,,,,,122102,94,29884,,37,,,29,,22640,70,5641,,,,,44,,,,,10769,71,2338,,51,,11702,51,3319,,47,,,42,,,68,,,,,12126,52,3332,,46,
109,,Benzyl acetate,,,,,,,,,,,,,,,,,,,,,,,,,,,,,,,,,,,,,,,,,,,,,74,,,,,,,,,,,,,,,,,,22,,,,,,,,,,,,,,,,,,,,,19,,,,,,,,,,,,,,,,,,64,,,,,,20,,,,,,,,,44,,,,,,,,,31,,,,,,69,,,61,,,,,,57,,,72,,,,,,,
110,,MZ: Sesquiterpene2,,20790,91,5127,44287,87,10209,,65,,19867,92,4599,45193,93,11761,24741,93,5823,59577,94,12845,103604,94,24490,,56,,56540,95,12670,90850,89,23358,48277,93,13992,77005,93,20826,79457,81,20975,,44,,,,,14247,91,4254,,,,34045,83,6322,,,,7450,83,2138,,64,,25760,83,6021,154955,94,43628,,66,,18824,91,5583,,40,,9090,82,2413,,,,50778,90,12297,140505,80,33159,57884,89,17296,,27,,,51,,24005,89,6130,,49,,,,,6170,80,1843,,,,,68,,,,,,31,,,54,,,,,,0,,,61,,,,,,75,,14838,85,3932,,70,
111,,(-)-Carvone,,,,,,,,,55,,,,,,,,,,,,,,,,,,,,,,,,,,,,,,,,,,,,,,,,,,46,,,,,,,,,,,,,,,,,,,,,,,,,,,,,,,,,,,,48,,,,,,,,,,,,,,,,,,,,,,,,,,,,,,,,,,,,,,,45,,,,,,,,,,,,,,,,,,,,,,,,,
112,,Piperitone,,,,,,,,,,,,,,,,,,,,,,,,,,,,,,,,,,,,,,,,,,,,,,,,,,,,,,,,,,,,,,,,,,,,,,,,,,,,,,,,,,,,,,,,,,,,,,,,,,,,,,,,,,,,,,,,,,,,,,,,,,,,,,,,,,,,,,,,,,,,,,,,,,,,,,,
113,,[L2] (E)-Citral,,,54,,,,,,,,,,,,,,,,,,,,,,,,57,,,,,,,,,51,,,,,,,,,,,,74,,,59,,,,,,58,,,,,,62,,,32,,,,,,,,,,,,60,,,,,,61,,,,,,,,,,,,54,,,54,,,62,,,75,,,,,,25,,,58,,,61,,,60,,,59,,,55,,,,,,,,,,,,,,,62,,11702,81,3334,,44,,,61,
114,,D-Carvone,,,,,,55,,,,,,,,,,,,,,,,,,,,,,,,,,,55,,,55,,,,,,55,,,,,,,,,,,,56,,,,,,,,,,,,,,,,,,55,,,39,,,,,,,,,,,,,,,,,,,,,,,,,,,,,,,,,,,,,,,,,,,,,,,,,,,,,,,,,,,,,,,,,,,,,,,,,,,,
115,,MZ: Naphthalene,,207232,97,54564,253707,98,70840,30998,89,5590,46160,95,13038,66177,92,18584,50964,96,13903,,76,,,61,,105923,88,25528,,73,,547153,87,119863,330497,92,83545,1387816,98,349340,1698801,98,443014,114017,97,29048,,56,,58131,86,12620,,29,,748172,99,176860,1133251,98,275612,284683,96,65838,221111,98,44304,151001,97,42972,138445,60,39753,123936,78,34299,211269,96,57603,13669,86,2660,24845,84,5143,,33,,20301,82,4784,154844,89,37774,57240,83,15843,,79,,38510,80,11371,28945,69,6739,89404,95,20983,,,,19215,81,5110,,61,,92221,93,23696,,68,,,76,,,80,,38254,87,8409,25174,89,6303,,57,,17984,86,4301,37883,93,9540,21979,87,5137,18594,83,4325
116,,Phenylacetic acid-methyl ester,,,,,,,,,,,,,,,,,,,,,,,,,,,,,,,,,,,,,,,,,,,,,47,,,,,,,,,33,,,23,,,,,,,,,,,,,,,,,,,,,,,,,,,,,,,,,,,,,,,,,,,,,,,,,,,,,,,,,,,,,,,,,,,,,,,,,,,39,,,,,,,,,,,,44,,,,,,,
117,,Geranyl acetate,,,56,,,,,,,,,,,,,,,,,,,,,,,,,,,,,,,,,,,,,,,,,,,,,,,,,,,,,,,,,,,,,,,,,,,,,,,,,,,,,,30,,,,,,,,,,,,,,,,,,,,,63,,,,,,32,,,,,,,,,,,,,,,,,,,,,,,,,,,,,,,,,,,,,,,,,,,
118,,MZ: Dioctyl ether,,163706,94,44297,1546142,97,440965,299813,96,81404,118197,94,33734,141478,95,42880,83380,87,24737,73768,83,17348,59022,83,16983,161321,94,29505,90198,88,20812,1127210,96,226879,343762,95,79225,615973,81,118672,678347,96,156011,3192019,96,765730,,,,35410,80,5176,,,,280564,96,54662,1352315,95,235979,814332,96,166445,351999,96,57372,123860,95,31478,228216,96,66471,98608,93,26047,236059,96,67949,86329,91,12419,143902,94,25044,186325,96,42879,,49,,,,,102455,93,32121,1096199,96,230380,808621,96,241718,34972,74,4875,584619,96,117057,,,,,80,,,,,83530,95,23832,,,,115831,93,26769,,80,,189249,94,47257,129966,94,23431,135448,95,28935,191729,95,42296,198071,94,42430,147971,95,33816,120257,95,25549
119,,MZ: Feature19,,29123,93,5955,40784,84,7461,,,,30006,89,5769,50848,94,9924,,,,44761,58,7710,103801,82,18730,,67,,,,,136949,68,29882,60627,88,13638,264995,73,71218,60439,70,12997,,,,,36,,,64,,64666,81,16240,,,,,,,,31,,,,,,74,,168001,97,42371,,,,4217,83,1058,,20,,,38,,,,,,75,,,,,,0,,,,,,,,17557,73,3397,,,,,,,,57,,,,,,,,,,,,35,,,,,15525,84,3281,,37,,,65,,,40,,,,,25834,86,5491,,63,
120,,MZ: Feature20,,,,,,,,,,,,,,,,,,,,,0,,,,,,,,,,,,,,,,,,0,,,,,,,,,,,,36,,,,,,,,,,,,,,,,,,,,,,,,,,,,,,,,,,,,,,,36,,,,,,,,,,,,,,,0,,,,,,,,,79,,,,,,,,,,,,,,,,,,,,,57,,,,,,,,,,,,,,,,
121,,Citronellol,,,,,,,,,,,,,,,,,,,,,,,,,,,,,,,,,,,,,,,,,,,,,,,,,,,,,,,,,,,,,,,,,,,,,,,,,,,,,,,,,,,,,,,,,,,,,,,,,,,,,,,,,,,,,,,,,,,,,,,,,,,,,,,,,,,,,,,,,,,,,,,,,,,,,,,
122,,Hydrocinnamaldehyde,,,,,,,,,,,,,,,,,,,,,,,,,,,,,,,,,,,,,,,,,,,,,,,,,,,,,,,,,,,,,,,,,,,,,,,,,,,,,,,,,,,,,,,,,,,,,,,,,,,,,,,,,,,,,,,,,,,,,,,,,,,,,,,,,,,,,,,,,,,,,,,,,,,,,,,
123,,MZ: Sesquiterpene3,Values inserted from file 2,,65,,,63,,,52,,,,,,63,,,,,,,,,,,,51,,,54,,,56,,,,,,67,,,67,,,,,,,,,32,,,,,12533,90,3002,,,,6077,87,1575,3658,81,659,15276,94,4195,14395,94,3570,10019,94,2756,16829,96,4474,4501,90,1073,9303,92,2271,,,,,,,,,,,71,,,,,,,,,23,,,,,,,,,,,,,,,,,,,,,,,,,,,,,,,,,,,,,,,,,,,,,,
124,,Carvyl acetate,,,,,,,,,,,,,,,,,,,,,,,,,,,,,,,,,,,,,,,,,,,,,,,,,,,,,,,,,,,,,,,,,,,,,,,,,,,,,,,,,,,,,,,,,,,,,,,,,,,,,,,,,,,,,,,,,,,,,,,,,,,,,,,,,,,,,,,,,,54,,,,,,,,,,,,,
125,,Methyl salicylate,,,,,,,,,26,,,,,,,,,35,,,,,,,,,,,,,,,,,,,,,,,,,,,,,,,,,,,,,,,,,,,,,,,,13,,,44,,,,,,,,,,,,,,,43,,,,,,,,,,,,,,,,,,,,,,,,,,,,,,,,,,,,,,,,,,44,,,,,,24,,,,,,,,,,,,32,,,23,,,,
126,,Nerol,,,,,,,,,,,,,,,,,,,,,,,,,,,,,,,,,,,,41,,,,,,,,,,,,,,,,,,,,,,,,,,,,,,39,,,,,,,,,,,,,,,,,,40,,,,,,,,,,,,,,,,,,66,,,,,,,,,,,,,,,,,,,,,,,,,,,27,,,44,,,,,,,,,50,,,47,,,39,,,48,
127,,Octadecane,,,,,,75,,,,,,,,,,,6533,81,1869,,,,,,,,,,,51,,,70,,,,,,68,,,64,,,,,,,,,,,26964,84,7180,,,,,55,,,,,,,,,,,,,,18628,82,3012,,,,,64,,136103,85,15039,,,,,,,,,,,,,17585,87,3359,,,,,,,,,,,,,,,,,,,,,,,,,,45,,,,,157242,81,19308,,,,,71,,65693,89,10248,26757,84,5477,,75,,59900,85,9601
128,,Phenethyl acetate,,,,,,,,,,,,,,,,,,,,,,,,,,,,,,,,,,,,,,,,,,,,,,,,,,,,,,22,,,,,,,,,,,,,,,,,,,,,,,,,,,,,,,,,,,,,,,,,,,,,,,,,,,,,,,,,,,,,,,,,,,,,,,,,,,67,,,,,,,,,,,,,,,,,,,,,,
129,,Geranyl isobutyrate,,,,,,,,,,,,,,,,,,,,,,,,,,,,,,,,,,,,,,,,,,,,,,,,,,,,,,,,,,,,,,,,,,,,,,,,,,,,,,,,,37,,,,,,,,,,,,,,,,,,,,,,,,,,,,,,,,,,,,,,,,,,,,,,,,,,,42,,,,,,,,,,,,,,,,,,,
130,,"1,2-Propanedione, 1-phenyl-",,,,,,28,,,32,,,29,,,28,,,,,,44,,,65,,,65,,,,,,,,,51,,,,,,,,,,,,27,,,60,,,30,,,,,,,,,,,,46,,,,,,,,,,,,,,,,,,,,,,,,51,,,,,,,,,60,,,67,,,65,,,,,,,,,23,,,,,,,,,27,,,,,,63,,,32,,11854,81,2562,,42,,,60,,,74,,,,,,,
131,,MZ: Feature22,,,,,,,,,,,,,,2766,89,945,,,,,,,,,,3970,91,1231,,61,,,,,,,,15521,92,3400,53392,90,5643,44227,96,11541,,,,,,,,35,,,,,,,,,,,,,,,,,,,,4989,91,1208,,,,,,,,,,,,,,,,,,,47794,88,12354,7121,90,1426,60529,88,10807,16983,88,2147,6076,93,1454,,,,,,,,,,38463,88,7882,,,,,,,,,,50870,95,8897,20319,94,3994,58007,94,9754,36615,96,6486,38706,96,9230,32475,94,6540,41976,95,7444
132,,Geranyl propionate,,,,,,,,,,,,,,,,,,,,,,,,,,,,,,,,,,,,,,,,,,,,,,,,,,,43,,,,,,,,,,,,,,,,,,,,,,,,,,,,,,,,,,,,,,,,,,,,,,,,,,,,,,,,,,,,,,,,,,,,,,,,,,,,,,,,,,,,,,,,,,,,,,,,,,,,
133,,"MZ: (3E,7E)-4,8,12-Trimethyltrideca-1,3,7,11-tetraene",,43966,91,11620,66430,97,19777,28997,92,8483,57076,97,16141,121824,98,35575,118154,98,33452,59285,95,13444,42258,95,11110,,79,,126747,97,28834,16052,85,4010,26590,89,6506,54253,92,13962,36806,89,8756,,56,,,,,14719,83,3166,,,,239490,98,53886,31383,88,7659,18763,88,4577,23458,87,4495,302051,98,81418,547041,98,153189,100588,98,27959,116316,97,30730,25232,84,4388,,71,,195540,97,49286,144881,98,32673,84586,95,18834,1787865,99,494221,,,,,74,,,74,,,,,,,,287275,98,75292,159447,94,44774,766953,98,193488,1623724,97,416673,460119,98,105769,,69,,42168,93,10569,28804,90,6881,280026,97,64846,36941,86,8359,68088,94,16783,95786,94,22842,110244,96,25910
134,,[L2] Carveol isomer a,,,,,,,,,,,,,,,,,,,,,,,,,,,,,,,,,,,,,,,,,,,,,,,,,,,,,,,,,,,,,,,,,,,,,,,,,,,,,,,,,,,,,,,,,,,,,,,,,,,,,,,,,,,,,,,,,,,,,,,,,,,,,,,,,,,,,,,,,,,,,,,,,,,,,,,
135,,MZ: Feature23,,,79,,17342,83,3677,,47,,,76,,,74,,,63,,24758,88,4385,,72,,,24,,19336,82,3337,38940,86,7180,27551,84,5469,40260,84,7568,37393,90,7553,,71,,,54,,10946,81,2106,,71,,,60,,,58,,,42,,,,,,59,,,0,,,40,,,55,,,,,,38,,,,,75975,88,13912,60657,93,9996,46162,90,9070,,,,,,,,72,,,,,,18,,,27,,,19,,,,,,22,,,48,,,45,,,73,,,61,,,53,,,52,,,44,,,70,,,64,
136,,MZ: Feature24,,27230,90,6763,29755,91,7348,,,,11667,84,2719,35817,92,8212,,,,,,,,,,32929,89,6862,,,,,,,101885,96,23389,,66,,,41,,,27,,,,,,62,,,,,,42,,,,,,,,7317,84,1609,,46,,,79,,,41,,,45,,,61,,,,,,63,,,62,,,,,,,,,47,,61961,89,14747,,55,,,,,,14,,,70,,,,,,,,,,,,40,,18574,85,4302,,58,,,,,,,,,,,,57,,,28,,,38,
137,,MZ: Naphthalene derivative1,,,76,,10548,81,2601,,59,,,64,,9218,80,2221,,76,,,61,,,60,,,72,,,62,,27842,82,4395,17420,81,3422,88708,91,16436,154164,96,31812,12522,81,3115,,,,,68,,,65,,44051,89,7900,72547,92,12803,22846,86,4322,15720,81,2498,26331,86,5922,26462,84,5694,20738,85,4508,32035,86,7501,,53,,3553,57,683,10868,80,2244,,61,,,70,,,65,,,0,,,66,,,56,,17651,84,3459,,,,,51,,,,,,46,,,36,,,73,,,44,,,62,,,50,,,,,,50,,,61,,,52,,,53,
138,,Benzylacetone,,,,,,,,,,,,,,,,,,,,,,,,,,,,,,,,,,,,,,,,,,,,,,,,,,,,,,,,,,,,,,,,,,,,,,,,,,,,,,,,,,,,,,,,,,,,,,,,,,,,,,,,,,,,,,,,,,,,,,,,,,,,,,,,,,,,,,,,,,,,,,,,,,,,,,,
139,,Geraniol,,,68,,,72,,,72,,,69,,,70,,,70,,,68,,,,,,70,,,69,,,69,,,50,,,70,,,71,,,42,,,,,,28,,,,,,67,,,27,,,36,,,58,,,70,,,69,,,70,,,70,,,67,,,69,,,56,,,70,,,,,,69,,,70,,,69,,,70,,,70,,,,,,69,,,70,,,69,,,68,,,70,,,67,,,68,,,71,,,69,,,69,,,70,,,69,,,69,
140,,Geranylacetone,,16191,87,3725,105072,91,20436,25929,92,6298,25940,93,5650,181881,97,41981,33558,93,6746,58953,97,12071,84171,95,17287,123200,96,23781,67460,96,12078,118408,97,21517,,78,,573536,98,105249,508282,97,104276,3524165,98,821325,,69,,63258,93,11192,,62,,48696,95,8620,58929,94,9172,,80,,6543,83,1487,76132,97,16254,72012,96,16459,384864,97,81943,119933,97,26118,38996,95,5483,48843,96,9089,19885,81,5398,129701,97,23266,136979,94,19875,598113,98,151694,142381,98,26308,948654,97,234978,35815,93,6409,581542,98,119010,,21,,389545,98,97002,340274,98,88958,1425742,98,315771,178233,97,39162,234365,97,42166,27918,88,5826,134464,97,27171,113562,96,23451,580172,99,117665,158354,97,30630,315054,97,65043,380078,98,78232,262432,98,52844
141,,[L2] Carveol isomer b,,,,,,,,,42,,,,,,,,,,,,,,,,,,,,,,,,,,,,,,,,,,,,,,,,,,,,,,,,,,,,,,,,,,,,,,,,,,,,,,,,,,,,,,,,,,,,,,,,,,,,,,,,,,,,,,,,,,,,,,,,,,,,,38,,,,,,37,,,,,,,,,,,,,,,,,,,
142,,1-Undecanol,,,,,5372,80,1147,,,,,,,,68,,,70,,,,,,,,,,,,,,,,,,,,,,,,,,,,,,,,,,,,,,,,,,,,,,,,,,,,,,69,,,,,,,,,,,,,,,,,,,,,,,,,,,48,,,69,,,,,,,,,,,,,,,,,,,,,,,,,,,,,,47,,,,,,72,,,75,,,75,,,,,,,
143,,Benzyl alcohol,,,36,,,36,,,20,,,59,,,37,,,36,,,57,,,,,37822,96,6956,,37,,,35,,21442,90,4383,,36,,,38,,26627,88,4919,,,,,71,,,,,,77,,,77,,,62,,,45,,,35,,16332,86,2990,,37,,,36,,,,,,38,,7058,82,1169,45437,96,8414,43137,87,6138,74788,97,14142,,36,,110935,88,20130,13520,88,2219,,37,,,60,,83892,97,16429,1685618,99,346074,93266,96,12246,141560,98,28486,,38,,39733,96,6801,42344,85,5073,58884,97,10446,,37,,32820,95,5930,47402,96,8786,12693,84,1683,23115,92,4121
144,,MZ: Feature26,,,46,,,46,,,48,,,45,,,56,,,61,,,40,,,42,,,41,,,41,,29176,61,5221,,50,,73178,74,14143,120084,92,23956,,49,,,,,,36,,,73,,22190,85,4082,45894,83,8180,,54,,,53,,,79,,,26,,,74,,16119,83,3580,,,,,42,,,49,,,45,,,56,,,43,,,,,,47,,,31,,,45,,,30,,,45,,,41,,,34,,,45,,,42,,,,,,44,,,42,,,,,,,,,44,,,,,,,
145,,Phenylethyl Alcohol,,,26,,,46,,,,,,21,,,56,,,38,,,,,,,,18704,85,3307,,49,,,,,,54,,,,,,,,,58,,,,,,,,,,,,,,,,,,,,,,,,,,,29,,,43,,,41,,,,,,,,,,,37024,94,5745,93240,91,9848,174261,96,28913,,,,,,,10143,83,1884,,60,,,,,57540,94,9766,1659323,99,299455,96262,81,9719,286072,96,49569,,,,70711,89,11512,,53,,33360,91,5252,,28,,,64,,26600,85,4313,,,,,74,
146,,Nonadecane,,,,,,74,,,,,,,,,,,,,,,,,,,,,,,,,,,,,,69,,,,,,,,,,,,,,,56,,20446,83,5014,,,,,,,,,,,,,,,,,,,,65,,7661,84,1588,,,,,,,,,,,,,,,,,,,,74,,,63,,,67,,,78,,,,,,,,,,,,,,,,,,,,,,,,73,,,,,30622,89,4373,16844,88,2308,,,,,74,,14509,88,2472
147,,MZ: Feature27,,,62,,17153,83,3717,,49,,,22,,,73,,14330,83,3032,11477,85,2049,,79,,,56,,15940,89,2957,,39,,12666,85,2734,202301,99,41901,14849,87,3147,,,,,65,,,75,,13098,82,3278,,45,,,60,,,38,,,,,,15,,24573,84,5319,,47,,,41,,,72,,,,,,31,,13786,81,2730,40057,83,7339,,78,,,,,,,,,65,,,,,,,,,,,,18,,,,,,,,,,,,53,,,74,,,73,,,71,,,61,,,72,,14642,89,2895,,72,
148,,Benzyl cyanide,,,,,,,,,,,,,,,54,,,,,,,,,17,,,,,,,,,,,,,,,,,,44,,,,,,,,,,,,42,,,,,,,,,47,,,22,,,34,,,58,,,17,,,,,,,,,,,,,,,,,,73,,,41,,,,,,,,,38,,,,,,,,,73,,,70,,,,,,48,,,49,,,,,,,,,,,,29,,,,,,41,,,39,,,35,
149,,MZ: Feature28,,2703,90,706,,,,,,,,,,,,,,,,,,,,,,,,,,,,,,,5216,83,1244,,,,,60,,23708,97,4268,,,,,,,,,,,,,,,,,,,,,,,,,,,,4231,91,835,,,,,,,,,,,,,,,,,,,,,,,,,13885,94,3190,,,,,,,,,,,,,,,,,,,,,,,,,,,,15131,94,3755,,51,,22314,95,4563,15780,88,4321,28851,96,5180,13211,95,3120,21654,95,3955
150,,MZ: Feature29,,36699,88,7799,40588,90,8850,10021,82,2326,,77,,37552,89,7900,15852,85,3201,,,,,,,23865,85,4718,,,,66434,65,11539,76431,98,17589,33323,85,7420,43358,52,6576,21850,82,4500,,,,,,,,,,,,,,78,,,74,,14746,82,2764,10630,83,2223,,60,,11943,84,2654,,74,,21681,92,4090,,79,,,,,,,,,,,59121,84,12576,,73,,38346,88,9206,,45,,,72,,,,,,,,,,,,68,,,,,,64,,,73,,,38,,,55,,,,,25418,81,5418,,39,,,22,,,,
151,,MZ: Feature30,,,,,,43,,,,,,38,,,36,,,,,,43,,,30,,,,,,40,,11801,92,2246,5538,80,1210,30604,94,5981,36992,93,6500,,,,,,,,,,,,,,,,,29,,,,,,,,,,,,32,,,,,,,,,,,,,,,,,,,,,32,,,47,,,,,,,,,,,,,,,22,,,,,,,,,,,,,,,29,,,,,,,,,,,,,,,,,,,,,,,,,
152,,MZ: Feature31,,,56,,,61,,,65,,,53,,,57,,,53,,,24,,,,,,53,,,46,,,70,,,58,,,64,,,,,,52,,,39,,,39,,,73,,,55,,,64,,,54,,,65,,,47,,,46,,,58,,,45,,,51,,,38,,,39,,,46,,,,,72135,83,13786,,68,,25427,64,5837,,,,,43,,,,,,56,,,,,,66,,,59,,,21,,,51,,18939,80,3898,20344,82,3885,,,,51162,87,10707,,,,,,,,,
153,,o-Anisaldehyde,,,31,,,,,,,,,,,,,,,50,,,,,,,,,,,,,,,,,,,,,,,,,,,,,,,,,,,,,,,,,,,,,,,,,,,,,,,,,,,,,,,,,,,,,,,,,,,,,,,,,31,,,,,,,,,,,,,,,,,,,,,,,,,,,,,,,,,42,,,,,,,,,,,,48,,,,,,26,
154,,MZ: Feature32,,,57,,,51,,,43,,,47,,,61,,11971,85,2504,,78,,12881,84,2669,,46,,17097,89,3044,,73,,,23,,279875,97,55443,,55,,,28,,,61,,,60,,,75,,,43,,,50,,,,,,,,,,,,78,,,54,,,,,,60,,,,,,,,,,,40251,92,6818,,79,,,,,,12,,,71,,,,,,26,,,,,,,,,,,,25,,,,,,57,,,74,,,72,,,68,,,55,,,73,,13021,82,2606,,76,
155,,MZ: Feature33,,,,,,62,,,,,,,,,,,,,,,76,,108712,80,20745,40884,82,7199,,,,,,,,53,,,,,,,,,,,,,,,,,,,,,60,,,,,,,,,,,,,,,,,,,,,,,,33,,,66,,,,,,,,,,,,,,,,,,71,,,,,,70,,,,,87671,82,16535,434713,83,88805,,,,98926,85,18746,,,,,77,,,,,,79,,,62,,,,,,,,,,,53747,82,9121
156,,Azulene,,,,,,,,,,,,,,,19,,,,,,26,,,,,,,,,20,,,,,,,,,,,,,,,28,,,,,,,,,24,,,,,,,,,,,,,,,,,,,,,,,,,,,,,,,,,,,,20,,,,,,,,,,,,,,,,,,26,,,,,,,,,,,,24,,,,,,27,,,,,,,,,,,,25,,,,,,,,,,,,,
157,,"2-Tridecenal, (E)-",,,,,,,,,,,,59,,,28,,,,,8997,83,1299,,,,,60,,,,,,,,,,,,,,,29,,,,,,,,,,,,,,,,,,,,,,,,,,,,,,45,,,,,,,,,,,,,,,,,,,,,,,,,,,,,,,,,,,,,,,,,,,,,,,,,,,,,,,,,69,,,,,,,,,,,,,,,,,,,,,,
158,,[L2] Nerolidol isomer a,,,,,,,,,,,,,,,,,,,,,,,,,,,,,,,,,,,,,,,,,,,,,,,,,,,58,,,,,,,,,,,,,,,,,,,,,,,,,,,,,,,,,,,,,,,,,,,,,,,,,,,,,,,,,,,,,,,,,,,,,,,,,,,,,,35,,,,,,,,,,,,,,,,,,,,,,
159,,Eicosane,,,,,,,,,,,,,,,,,,,,,,,,,,,,,,,,,,,,,,,,,,,,,,,,,,,,,16000,94,4204,,,,,,,,62,,,,,,,,,,,,78,,,,,,,,,,,,,,,,,,,,,,,,,,,,,,,,,74,,,,,,,,,,,,,,,,,,,,,,,,,,,,,19900,83,3542,,79,,,,,,,,,,
160,,Methyleugenol,,,,,,,,,,,,,,,,,,14,,,20,,,,,,,,,,,,,,,,,,,,,,,,28,,,,,,,,,,,,,,,,,,14,,,,,,,,,,,,,,,11,,,,,,,,,,,,,,,,,,,,,,,,,,,,,,,,,,,,,,,40,,,,,,,,,,,,,,,,,,55,,,49,,,,,23457,86,4825,,53,,112239,96,22636
161,,p-Anisaldehyde,,,,,,,,,,,,,,,,,,,,,,,,,,,,,,,,,,,,,,,,,,,,,,,,,,,,,,,,,,,,,,,,,,,,,,,,,,,,,,43,,,,,,,,,,,,,,,,,,,,,,,12505,84,2397,,31,,,51,,,,,,53,,,,,,53,,,,,,,,,,,,32,,,,,,,,,61,,,55,,,,,,,
162,,MZ: Feature34,,6158,92,1403,15699,98,3365,,,,,,,11184,97,2411,,,,,,,,,,,,,,,,,,,3566,86,997,,,,,59,,,,,,,,,,,,,,5270,91,962,,,,,,,,,,,,,10113,95,2012,,,,6530,96,1416,,,,,,,,,,,,,,,,117248,100,22758,,,,7946,86,1704,4934,86,1035,,80,,,,,17079,97,2960,107655,99,16102,17751,96,3283,68671,99,10415,,,,,,,16457,96,3039,11179,96,1795,24397,96,4264,11694,94,2240,16828,98,3611,17222,95,3190,13602,97,3247
163,,Phenyl-propyl alcohol,,,,,,,,,,,,,,,,,,,,,,,,,,,,,,,,,,,,,,,,,,,,,,,,,,,17,,,,,,,,,,,,,,,,,,,,,,,,,,,,,,,,,,,,,,,,,,,,,,,,,,,,,,,,,,,,,,,,,,,,,,,,,,,,,,,,,,,,,,,,,,,,,,,,,,,,
164,,MZ: [L2] Nerolidol isomer b,,,,,,,,,,,,,,9737,85,2054,,,,19771,93,3515,32584,93,6058,,,,29493,94,5516,,,,,,,,74,,29792,74,5465,,,,,,,,,,,,,,,,,,,,,,,,,,,,3164,80,964,,,,,,,,,,,,,,,,,,,40246,94,6565,66973,95,14939,,,,,,,,,,,50,,,,,,,,,,,,,,,,,,,,,,,,,,,,,,,,,,,,,,,,,,,
165,,(E)-Methyl Cinnamate,,,,,,,,,,,,,,,,,,,,,,,,,,,,,,,,,,,,,,,,,,,,,,,,,,,,,,,,,26,,,,,,,,,23,,,,,,,,,,,,,,,,,,,,,,,,,,,,,,,,,,,,,,,,,,,,,,,,,,,,,,,,,,,,,,,,,,,,,,,,,,,,,,,,,,,,,
166,,Methyl cinnamate,,,,,,,,,,,,,,,,,,,,,,,,,,,,,,,,,,,,,,,,,,,,,,,,,,,,,,,,,25,,,,,,,,,23,,,,,,,,,,,,,,,,,,,,,,,,,,,,,,,,,,,,,,,,,,,,,,,,,,,,,,,,,,,,,,,,,,,,,,,,,,,,,,,,,,,,,
167,,Methyl 2-methoxybenzoate,,,31,,,31,,,,,,,,,,,,,,,,,,,,,31,,,,,,,,,,,,,,,,,,,,,,,,,,,,,,,,,,,,,,,14,,,,,,,,,,,,22,,,,,,,,,,,,,,,54,,,,,,,,,,,,,,,26,,,,,,,,,,,,,,,,,,,,,37,,,,,,32,,9960,83,1811,,,,,48,,,,,,80,
168,,MZ: Feature35,,9448,89,1387,16467,93,2657,,47,,3102,83,581,8278,92,1395,,,,,,,,,,20774,86,3034,,46,,,68,,21331,94,3363,,,,,,,,,,,,,14241,92,1955,,0,,7674,83,987,10771,93,1449,28599,97,3901,,,,,,,13685,92,2191,,,,,,,,,,7388,89,1016,23608,85,2662,,,,,,,,,,7090,90,957,9893,91,1773,7199,85,964,16505,95,2668,,72,,,,,,,,,,,,,,,,,,,,,,,,,,,78,,13525,89,2046,,,,,,,,59,
169,,p-Cresol,,,,,,36,,,,,,,,,,,,,,,,,,,,,27,,,,,,,,,22,,,,,,,,,34,,,,,,30,,18963,87,3518,,,,,39,,,25,,,,,,37,,,,,,55,,,42,,,,,,,,,,,,37,,,,,,52,,,,,,60,,,38,,,26,,,,,,32,,,67,,,,,,49,,,,,,66,,,,,,,,,32,,,30,,,36,,,31,,58924,80,8258
170,,MZ: Feature36,,,,,,,,,,,,,,,,,,,,,,,,,,,,,,,,,,,,,,,,,,,,,,,,,,,,,,,,,,,,,,,,,,,,,,,,,,,,,,,,,,,,,,,,,,,,,,,,,,,,,,,,,,,,,,,,,,,,,,,,,,,,,,,,,,,,,,,,,,,,,,,,,,,,,,,
171,,Methyl Anisate,,,,,,,,,19,,,,,,,,,,,,,,,,,,,,,,,,,,,,,,,,,,,,,,,,,,,,,,,,18,,,,,,,,,,,,,,,,,,,,,,,,,,,,,,,,,,,,,,,,,,,,,,,,,,,,,,,,,,,,,,,20,,,,,,,,,,,,,,,,,,,,,,,,,,,33,,,,
172,,Benzalacetone,,,,,,,,,,,,23,,,,,,,,,,,,,,,,,,,,,37,,,,,,,,,,,,,,,,,,,,,,,,,,,,,,,,,,,,,,,,,,,,,,,,,,,,,,,,,33,,,,,,,,,,,,,,,,,,,,,31,,,,,,,,,,,,,,,,,,,,,27,,,,,,,,,,,,,,,25,,,,
173,,MZ: Feature37,,,,,,,,,,,,,,,,,,,,,,,,,,,76,,,48,,,,,,79,,,,,,75,,,,,,29,,,71,,,,,8715,82,1547,,,,10947,81,1953,,,,,,,28386,90,5466,,,,,,,,,,19425,88,3219,13055,84,2340,18236,81,3096,,,,,,,,,,,0,,18519,88,3320,14783,83,2571,12518,85,2113,,,,,,,22027,86,3782,,,,,,,,,,55569,95,9907,,,,32374,82,5864,15950,81,3031,,75,,24774,88,4247,21764,86,4087
174,,Isoamyl salicylate,,,,,,,,,18,,,,,,,,,,,,,,,,,,,,,,,,,,,,,,,,,,,,,,,,,,,,,,,,,,,,,,,,,22,,,,,,,,,,,,,,,,,,12,,,,,,,,,,,,,,,,,,31,,,,,,,,,,,,,,,,,,,,,,,,,,,,,,,,,,,,36,,,,,,,,,,,,,
175,,MZ: Feature38,,,75,,,80,,,,,,,,12473,93,2529,9700,93,1797,,,,,,,24666,90,4705,,,,,,,27496,92,4149,,80,,,,,,,,,,,,61,,,,,,,,,,,,,,,,,,,,,,,,,,,,,,,,,,,5614,82,1100,37879,92,5791,,,,145474,98,24447,,,,,,,,61,,,,,,,,59442,92,10572,86782,98,16708,32677,96,6204,302173,99,59059,53706,98,9317,,,,20666,83,3963,,,,40309,94,6534,,61,,,79,,14782,91,2918,25729,88,4628
176,,.gamma.-Decalactone,,,,,,,,,,,,,,,,,,,,,,,,,,,,,,,,,,,,,,,,,,,,,,,,,,,,,,,,,,,,,,,,,,,,,,,,43,,,,,,,,,,,,,,,,,,,,,,,,,,,,,,,,,,,,,,,,,,,,,,,,,,,,,,,,,,,,,,,,,,,,,,,,,,,,,,,
177,,Cinnamyl acetate,,,,,,,,,25,,,,,,,,,,,,26,,,,,,,,,,,,41,,,,,,,,,,,,,,,,,,28,,,,,,,,,,,,,,,29,,,,,,23,,,21,,,,,,,,,25,,,,,,,,,,,,,,,,,,,,,,,,28,,,,,,,,,,,,,,,,,,,,,25,,,,,,29,,,,,,,,,,,,,,,,
178,,MZ: Feature39,,18648,84,3386,12291,81,2219,,,,,67,,20090,91,3702,,78,,,,,,,,,22,,,27,,,,,,,,,,,,,,,,,,20,,,,,,,,,,,,,,,31,,,,,,,,9187,80,1959,,76,,,,,,23,,,24,,,,,,23,,,,,,29,,,,,28917,86,5320,,,,,,,,,,,,,,,,,,,,,,,,,,27,,,,,,,,,,,,47,,,,,,29,,,,
179,,MZ: Feature40,,6243,82,1098,9247,93,1833,,,,4432,81,797,10934,86,1956,12616,90,2188,8981,87,1459,10653,90,2210,,56,,6724,84,1139,,70,,8335,81,1882,11070,82,1810,,68,,,,,,,,,71,,,,,,,,,,,,,,,,,,,,,,,,,,,,,,,,,27,,,29,,5520,80,867,9646,84,1717,20518,86,3852,,,,,,,,24,,,,,,,,,,,,35,,,,,,,,,,,,80,,14826,84,2574,6315,85,1305,17997,85,3300,,66,,25073,88,4680,59888,98,10029,19057,92,3415
180,,Eugenol,,,15,,,,,,,,,,,,,,,41,,,,,,,,,,,,,,,,,,,,,,,,21,,,,,,,,,,,,,,,,,,,,,15,,,,,,,,,,,,23,,,20,,,,,,,,,,,,,,,,,,,,,,,,15,,,,,,,,,,,,,,,,,,,,,,,,,,,,,,23,,,,,,45,,,,,,20,,,34,,,,
181,,.delta.-Decalactone,,,,,,,,,,,,,,,,,,,,,,,,,,,,,,,,,13,,,,,,29,,,,,,,,,,,,,,,,,,,,,,,,24,,,,,,,,,,,,,,,,,,,,,,,,,,,,,,,,,,,,,,,,,,,,,,,,,,,,,,,,,,,,,,,,,,,,,,,,28,,,,,,32,,,,,,33,,,,
182,,Thymol,,,,,,,,,,,,,,,,,,,,,,,,49,,,27,,,,,,31,,,,,,68,,,30,,,20,,,17,,,43,,,34,,,26,,,27,,,21,,,,,,,,,,,,,,,,,,31,,,,,6806,81,1985,,,,,,,,,,,,,,,,,54,,10252,85,1991,,,,,,,,29,,,18,,,29,,,27,,,38,,,,,,,,,,,,,,,,,,,,,,
183,,Piperonal,,,,,,,,,,,,,,,,,,,,,,,,,,,18,,,,,,,,,,,,,,,,,,,,,,,,,,,,,,,,,,,,,,,,,,,,,,,,,,,,,,,,,,,,,,,,,,,,,,,,,,,,,,,,,,,,,,,,,,,,,,,,,,,,,,25,,,,,,26,,,,,,,,,,,,,,,29,
184,,MZ: Feature41,,,,,,,,,,,,,,,,,,,,,,,,,,,,,,,,,,,12186,88,2450,,,,,61,,,,,,,,6319,83,1005,12559,88,3207,,79,,,,,6042,84,1141,,,,,,,,,,4287,81,761,,,,,78,,,,,,77,,,,,,,,,,,,66,,5432,84,1188,,78,,12330,90,2289,,69,,,,,,,,,,,,,,,,,,55,,,,,,,,12653,85,2759,15511,95,2913,,,,,,,6912,86,1378
185,,Carvacrol,,,,,,31,,,21,,,,,,45,,,,,,,,,47,,,70,,,,,,72,,,,,,79,,17049,84,3076,,54,,,,,,42,,,,,,72,,,66,,,,,,,,,,,,,,,58,,,57,,,,,,,,28769,91,4759,,,,,,,,,,,,,22178,88,3789,,54,,12004,85,2087,,,,,,,,,,,,,,28,,,,,,,,,,,,,,,,,,,,,20,,,,,,,
186,,Elemicin,,,,,,,,,,,,,,,21,,,,,,,,,,,,,,,,,,,,,,,,16,,,,,,,,,,,,,,,,,,,,,,,,,,,,,,,,,,,,,,,,,,,,,,,,,,,,,,,,,,,,,,,,,,,,,,,,,,,,,,,,,,,,25,,,,,,,,,,,,,,,,,,,,,,,,,,,,
187,,Methyl anthranilate,,,,,,,,,,,,,,,,,,,,,,,,,,,,,,,,,,,,,,,,,,,,,,,,,,,,,,,,,,,,,,,,,,,,,,,,,,,,,,,,,,,,,,,,,,,,,,,,,,,,,,,,,,,,,,,,,,68,,,,,,29,,,79,,,,,,51,,,,,,45,,,76,,,,,,45,,12341,82,1718,,,
188,,Eugenol acetate,,,,,,,,,,,,,,,,,,,,,,,,,,,,,,,,,26,,,,,,,,,,,,,,,,,,,,,23,,,,,,,,,,,,,,,19,,,,,,,,,,,,,,,,,,,,,,,,27,,,,,,,,,,,,,,,,,,,,,35,,,,,,,,,,,,30,,,,,,,,,,,,,,,,,,,,,,,,,
189,,p-Anisyl Alcohol,,,,,,,,,,,,,,,20,,,,,,,,,,,,,,,,,,,,,,,,,,,,,,,,,,,,,,,,,,,,,,,,,,,,,,,,,,,,,,,,,,,,,,,,,,,,,,,,,,,,,,,,,,,,,,,,,,,,,,,,,,,,,,,,,,,,,,,,,,,,,,,,,,,,,,,,
190,,Cinnamyl alcohol,,,,,,,,,,,,,,,,,,,,,,,,,,,,,,,,,,,,,,,,,,,,,,,,,,,,,,,,,,,,,,,,,,,,,,,,,,,,,,,,,,,,,,,,,,32,,,,,,,,,,,,,,,,,,,,,23,,,41,,,,,,,,,,,,,,,,,,,,,,,,,,,,,,,,,,,,,
191,,Hedione,,,,,,,,,,,,,,,,,,,,,,,,,,,,,,,,,,,,,,,,,,,,,,,,,,,,,,,,,,,,,,,,,,,,,,,,,,,,,,,,,,,,,,,,,,,,,,,,,,,,,,,,,,,,,,,,,,,,,,,,,,,,,,,,,,,,,,,,,,,,,,,,,,,33,,,,
192,,Isophytol,,,,,,,,,,,,,,,,,,,,,,,,,,,,,,,,,,,,,,,,,,,,,,,,,,,,,,,,,,,,,,,,,,,,,,,,,,,,,,,,,,,,,,,,,,,,,,,,,,,,,,,,,,,,,,,,,,,,,,,,,,,,,,,,,,,,,,,,,,,,,,,,,,,,,,,
193,,MZ: Feature42,,219456,96,13698,3675739,97,219702,296569,97,18353,109501,84,5927,,53,,484602,96,27795,195934,0,5883,245414,89,12367,480442,97,18015,596744,97,18588,363698,0,11017,,57,,220053,96,9066,646375,0,19997,1565232,97,75093,,,,,0,,,,,209021,95,9164,1703397,98,78216,974811,97,35899,347955,96,12018,88046,90,4866,,58,,207720,96,11524,774655,97,48882,84728,0,2494,105582,0,3141,,0,,,,,,,,219856,92,9242,983619,97,33029,943761,97,65289,,0,,242878,96,9387,,,,,56,,,0,,,,,,0,,146367,0,4487,,,,,,,,,,93504,89,3466,,0,,144665,86,7737,108595,88,3995,,0,
194,,Farnesol isomer a,,,,,,,,,,,,,,,,,,,,,,,,,,,,,,,,,,,,,,,,,,,,,,,,,,,,,,,,,,,,,,,,,,,,,,,,,,,,,,,,,31,,,,,,,,,,,,,,,,,,,,,,,,,,,,,,,,,,,,,,,,,,,,,,,,,,,,,,,,,,,,,,,,,,,,,,
195,,MZ: Diethyl Phthalate,,,66,,,43,,,72,,,43,,,19,,,35,,,74,,,69,,54598,91,9311,,74,,,51,,34533,92,5979,,48,,,66,,64095,95,10401,,57,,36865,82,5686,,72,,,66,,,77,,,56,,,18,,,46,,,49,,,76,,,60,,15912,83,2253,,72,,,62,,46240,87,7014,,57,,107964,95,17842,15965,81,2471,51748,95,8673,69252,81,11225,,59,,,18,,76643,81,12770,55969,91,9064,106264,93,16250,,21,,,70,,,45,,,79,,,61,,,80,,,68,,,46,,32138,84,5219,,70,
196,,MZ: Feature43,,8512,87,1545,19073,93,3069,2098,86,418,9430,92,1356,23311,97,3715,11708,96,1938,13208,96,1832,,,,,,,11481,92,1567,,,,,,,,,,,,,,,,,,,,23,,,,,,,,,,,,,,,,,,,,3496,87,628,,,,,,,,,,,,,,,,,,,,,,,,,,,,,,,,,,,,,,,,,,,,,,,,,3814,93,903,,,,,,,,,,,,,,,,,,,,,,,,,,,
197,,Farnesol isomer b,,,,,,,,,,,,,,,,,,,,,,,,,,,,,,,,,,,,,,,,,,,,,,,,,,,,,,,,,,,,,,,,,,,,,,,,,,,,,,,,,28,,,,,,,,,,,,,,,,,,26,,,,,,,,,,,,37,,,,,,,,,,,,,,,,,,36,,,,,,51,,,,,,40,,,,,,,,,,
198,,MZ: Feature44,,7392,88,1387,8060,88,1458,10470,91,1932,,,,,,,10788,91,2138,10788,69,1962,18068,50,3203,17653,93,3885,12199,54,2208,,,,19815,70,3776,7869,85,1630,7731,82,1549,,,,,,,5749,80,1353,15418,89,4015,,50,,8048,82,1593,,70,,,0,,,,,9493,89,2031,5904,84,1084,,,,,75,,,78,,,45,,,,,,,,,,,,77,,20600,95,4104,,,,15644,95,3313,24044,95,3926,62756,63,11936,,,,37726,92,7562,24343,57,4528,14593,57,2380,13254,65,2508,29382,55,5392,12534,44,2475,44576,47,8263,130698,99,26252,21820,63,4030,30699,55,5537,15056,46,3049
199,,MZ: Indole,,77401,95,13046,121970,95,20346,26974,90,4026,66315,96,10906,298112,98,50385,201398,97,33270,30544,81,5266,149500,91,25623,,0,,119200,91,17329,,68,,44967,74,8208,82614,96,15874,,51,,,,,20620,87,3948,,41,,19941,60,3579,67769,90,12467,,0,,,0,,,68,,57825,96,9226,297227,98,49811,40344,94,6630,149898,95,24898,22579,83,3046,,39,,124220,95,20905,231682,98,41805,897289,99,138692,993306,99,169575,,,,,28,,,51,,,,,,,,200955,80,38057,,72,,28917,46,4506,271540,96,46352,90173,89,13001,561302,98,102999,213038,88,31738,1092380,98,193116,986986,96,158446,,32,,84834,84,14759,245937,91,37609,363070,97,62613
200,,Skatol,,,,,,15,,,,,,,,,,,,,,,,,,,,,,,,,,,,,,,,,,,,,,,,,,,,,,,,58,,,,,,,,,,,,,,,,,,,,,,,,,,,,,,,,,,,,,,,,,,36,,,,,,,,,,,,,,,,,,,,,,,,15,,,,,,,,,,,,,,,,,,,,,11,,,,,,,,,69,
201,,"3,4-Dimethoxyacetophenone",,,,,,,,,,,,21,,,,,,,,,24,,,,,,,,,22,,,,,,,,,17,,,,,,,,,,,,,,,,,,,,,,,,,,,17,,,,,,,,,,,,,,,19,,,21,,,,,,,,,,,,,,,,,,,,,,,,,,,,,,,,,,,,,,,,,,,,,,,,,,,,,,15,,,9,,,,,,,,,,
202,,MZ: Benzene,,95442,93,18808,111009,92,21903,137037,92,27316,106275,95,20729,,0,,,59,,39143,32,6608,24387,82,4754,113622,88,21768,38590,61,6986,304259,76,54809,283072,51,49896,976516,41,138737,488598,94,95357,80431,64,13959,39484,81,7150,20499,89,3747,,39,,441543,79,75436,640350,96,120445,135402,72,24051,92908,94,16633,58007,80,11102,62496,82,12185,91882,85,17897,78781,92,15432,,60,,,,,110861,91,22582,35750,37,6356,179691,83,33401,119145,93,22424,,44,,81906,72,15250,48724,91,9198,26298,91,4964,,,,100066,62,17975,114304,83,21880,184860,92,36713,65503,91,12472,59398,94,11690,173118,35,23620,65101,90,12918,74672,88,13549,50571,83,9878,45092,32,7477,101338,84,18817,49659,82,9692,46538,83,8675
203,,MZ: Toluene,,633879,97,126934,697257,99,139042,118895,96,23882,93805,90,18528,38559,86,7481,20930,90,3984,99901,38,19827,65561,77,10348,573236,73,99080,110108,48,18938,1006908,70,177980,616580,55,125931,3078070,45,1330906,2316351,94,369828,379420,72,63208,,34,,29961,58,4980,,44,,2222885,82,359014,3805351,98,676761,715693,97,119085,740286,98,119875,358417,97,69575,350523,96,68111,555924,97,108925,446532,97,87206,,63,,,59,,750551,95,111027,75203,36,14206,955022,85,150226,502862,88,79311,,52,,3499959,99,651144,44418,52,7154,43724,41,6663,,39,,307500,52,57991,438012,88,76192,871266,97,142681,213049,87,34542,210483,92,33558,578361,37,265731,205184,82,33093,211605,59,34755,152364,94,24764,129510,37,39333,312728,96,53550,110462,93,18208,97967,58,15898
204,,MZ: Feature 45,,,0,,,77,,,70,,8122,85,1639,24264,91,4929,25542,90,4806,35085,89,5525,21852,93,5095,36665,93,7097,32019,92,5001,18113,89,3437,16894,82,3449,8781,84,2146,11858,86,2518,12297,86,2441,,19,,15463,86,2766,,68,,9028,85,1848,8807,84,2140,10313,83,2187,,66,,17902,91,3428,13301,90,3068,13729,85,2814,41565,93,8691,25692,90,3840,44686,92,6930,24293,92,4860,12815,83,2301,,,,35816,93,7755,35445,90,6125,27132,91,5407,15587,86,2954,17501,83,3426,,70,,25839,92,5273,12604,85,2906,26398,87,4832,23755,91,5035,26863,89,4381,9654,80,1960,53729,89,9844,38139,93,7693,44389,89,8046,72398,97,14608,40154,94,8277,27470,89,4877,32468,94,6481
